Workbook

Sheet 01_Данные_и_расчёт
A1: Google Trends: PlantUML vs text to diagram — реальные данные, снято 2026-09-17 (Worldwide, месячная выборка по первой доступной неделе месяца)
A2: Месяц | B2: PlantUML | C2: text to diagram | D2: Скользящее среднее PlantUML (3 мес.) | E2: Сезонное отклонение PlantUML (факт - скольз.средн.) | F2: YoY то же PlantUML к этому же месяцу год назад, %
A3: 2021-09 | B3: 16 | C3: 9
A4: 2021-10 | B4: 20 | C4: 7
A5: 2021-11 | B5: 21 | C5: 10 | D5: =AVERAGE(B3:B5) | E5: =B5-D5
A6: 2021-12 | B6: 20 | C6: 8 | D6: =AVERAGE(B4:B6) | E6: =B6-D6
A7: 2022-01 | B7: 22 | C7: 11 | D7: =AVERAGE(B5:B7) | E7: =B7-D7
A8: 2022-02 | B8: 28 | C8: 15 | D8: =AVERAGE(B6:B8) | E8: =B8-D8
A9: 2022-03 | B9: 25 | C9: 12 | D9: =AVERAGE(B7:B9) | E9: =B9-D9
A10: 2022-04 | B10: 25 | C10: 9 | D10: =AVERAGE(B8:B10) | E10: =B10-D10
A11: 2022-05 | B11: 27 | C11: 9 | D11: =AVERAGE(B9:B11) | E11: =B11-D11
A12: 2022-06 | B12: 22 | C12: 8 | D12: =AVERAGE(B10:B12) | E12: =B12-D12
A13: 2022-07 | B13: 26 | C13: 4 | D13: =AVERAGE(B11:B13) | E13: =B13-D13
A14: 2022-08 | B14: 22 | C14: 3 | D14: =AVERAGE(B12:B14) | E14: =B14-D14
A15: 2022-09 | B15: 24 | C15: 9 | D15: =AVERAGE(B13:B15) | E15: =B15-D15 | F15: =(B15/B3-1)*100
A16: 2022-10 | B16: 25 | C16: 7 | D16: =AVERAGE(B14:B16) | E16: =B16-D16 | F16: =(B16/B4-1)*100
A17: 2022-11 | B17: 28 | C17: 7 | D17: =AVERAGE(B15:B17) | E17: =B17-D17 | F17: =(B17/B5-1)*100
A18: 2022-12 | B18: 26 | C18: 7 | D18: =AVERAGE(B16:B18) | E18: =B18-D18 | F18: =(B18/B6-1)*100
A19: 2023-01 | B19: 25 | C19: 7 | D19: =AVERAGE(B17:B19) | E19: =B19-D19 | F19: =(B19/B7-1)*100
A20: 2023-02 | B20: 33 | C20: 8 | D20: =AVERAGE(B18:B20) | E20: =B20-D20 | F20: =(B20/B8-1)*100
A21: 2023-03 | B21: 31 | C21: 7 | D21: =AVERAGE(B19:B21) | E21: =B21-D21 | F21: =(B21/B9-1)*100
A22: 2023-04 | B22: 30 | C22: 9 | D22: =AVERAGE(B20:B22) | E22: =B22-D22 | F22: =(B22/B10-1)*100
A23: 2023-05 | B23: 31 | C23: 8 | D23: =AVERAGE(B21:B23) | E23: =B23-D23 | F23: =(B23/B11-1)*100
A24: 2023-06 | B24: 30 | C24: 7 | D24: =AVERAGE(B22:B24) | E24: =B24-D24 | F24: =(B24/B12-1)*100
A25: 2023-07 | B25: 33 | C25: 5 | D25: =AVERAGE(B23:B25) | E25: =B25-D25 | F25: =(B25/B13-1)*100
A26: 2023-08 | B26: 26 | C26: 5 | D26: =AVERAGE(B24:B26) | E26: =B26-D26 | F26: =(B26/B14-1)*100
... A42: 2024-12 | B42: 53 | C42: 12 | D42: =AVERAGE(B40:B42) | E42: =B42-D42 | F42: =(B42/B30-1)*100
A44: Точный рост PlantUML за весь период | B44: =(B42/B3-1)*100 | C44: %, расчёт (2024-12 / 2021-09 - 1)*100

Sheet 02_Сезонность_по_месяцам
A1: Календарный месяц | B1: Среднее PlantUML по этому месяцу (2021-2024) | C1: Индекс сезонности (среднее месяца / среднее по году)
A2: Январь | B2: =AVERAGEIF('01_Данные_и_расчёт'!A3:A42,"*-01",'01_Данные_и_расчёт'!B3:B42) | C2: =B2/B14
A3: Февраль | B3: =AVERAGEIF('01_Данные_и_расчёт'!A3:A42,"*-02",'01_Данные_и_расчёт'!B3:B42) | C3: =B3/B14
A4: Март | B4: =AVERAGEIF('01_Данные_и_расчёт'!A3:A42,"*-03",'01_Данные_и_расчёт'!B3:B42) | C4: =B4/B14
A5: Апрель | B5: =AVERAGEIF('01_Данные_и_расчёт'!A3:A42,"*-04",'01_Данные_и_расчёт'!B3:B42) | C5: =B5/B14
A6: Май | B6: =AVERAGEIF('01_Данные_и_расчёт'!A3:A42,"*-05",'01_Данные_и_расчёт'!B3:B42) | C6: =B6/B14
A7: Июнь | B7: =AVERAGEIF('01_Данные_и_расчёт'!A3:A42,"*-06",'01_Данные_и_расчёт'!B3:B42) | C7: =B7/B14
A8: Июль | B8: =AVERAGEIF('01_Данные_и_расчёт'!A3:A42,"*-07",'01_Данные_и_расчёт'!B3:B42) | C8: =B8/B14
A9: Август | B9: =AVERAGEIF('01_Данные_и_расчёт'!A3:A42,"*-08",'01_Данные_и_расчёт'!B3:B42) | C9: =B9/B14
A10: Сентябрь | B10: =AVERAGEIF('01_Данные_и_расчёт'!A3:A42,"*-09",'01_Данные_и_расчёт'!B3:B42) | C10: =B10/B14
A11: Октябрь | B11: =AVERAGEIF('01_Данные_и_расчёт'!A3:A42,"*-10",'01_Данные_и_расчёт'!B3:B42) | C11: =B11/B14
A12: Ноябрь | B12: =AVERAGEIF('01_Данные_и_расчёт'!A3:A42,"*-11",'01_Данные_и_расчёт'!B3:B42) | C12: =B12/B14
A13: Декабрь | B13: =AVERAGEIF('01_Данные_и_расчёт'!A3:A42,"*-12",'01_Данные_и_расчёт'!B3:B42) | C13: =B13/B14
A14: Среднее по всем месяцам | B14: =AVERAGE('01_Данные_и_расчёт'!B3:B42)
A16: Ограничение: этот лист выбирает первую доступную неделю каждого месяца — реальный сезонный спад происходит именно в ПОСЛЕДНЮЮ неделю декабря (см. лист 03), поэтому усреднённый по месяцу индекс декабря здесь не показывает провала — это не ошибка расчёта, а следствие месячной выборки; точный эффект — на листе 03.

Sheet 03_Декабрьский_спад
A1: Год | B1: PlantUML, последняя неделя декабря | C1: Среднее PlantUML за тот же квартал (Окт-Дек) | D1: Спад, %
A2: 2021 | B2: 9 | C2: 19 | D2: =(1-B2/C2)*100
A3: 2022 | B3: 15 | C3: 24 | D3: =(1-B3/C3)*100
A4: 2023 | B4: 20 | C4: 34 | D4: =(1-B4/C4)*100
A6: Источник: Google Trends, тот же замер PlantUML vs text to diagram, снято 2026-09-17. Спад повторяется 3 года подряд одного порядка (38-53%) — устойчивая сезонность, а не совпадение.
