Workbook

Sheet Панель
A1: Панель оценки тренда, сезонности и циклов спроса
A3: Файл предназначен для анализа интереса аудитории на основе выгрузок из Google Trends и Яндекс Вордстат. Заполните лист «Ввод_данных», после чего показатели на этой панели обновятся автоматически.
A5: Блок | B5: Показатель | C5: Значение | D5: Как использовать
A6: Данные | B6: Количество месяцев | C6: =Оценка_тренда!B4 -> 24 | D6: проверка достаточности ряда
A7: Тренд | B7: Классификация тренда | C7: =Оценка_тренда!B10 -> снижающийся тренд | D7: основа вывода о росте или снижении интереса
A8: Тренд | B8: Изменение последних 12 мес. к первым 12 мес. | C8: =Оценка_тренда!B8 -> -0.43747558 | D8: оценка силы изменения
A9: Сезонность | B9: Сила сезонности | C9: =Сезонность!B22 -> выраженная сезонность | D9: нужна для планирования месяцев продвижения
A10: Сезонность | B10: Месяц максимума | C10: =Сезонность!B23 -> декабрь | D10: период вероятного повышения интереса
A11: Сезонность | B11: Месяц минимума | C11: =Сезонность!B24 -> март | D11: период вероятного снижения интереса
A12: Циклы | B12: Текущая фаза | C12: =Деловые_циклы!B7 | D12: оценка текущего состояния спроса относительно нормы
A13: Циклы | B13: Текущий коэффициент | C13: =Деловые_циклы!B6 | D13: значение выше 1 означает спрос выше трендово-сезонного уровня
A16: Итоговая формулировка для отчета
A17: =Оценка_тренда!B11&" Сезонность: "&Сезонность!B22&"; максимум интереса – "&Сезонность!B23&", минимум – "&Сезонность!B24&". Текущая фаза спроса: "&Деловые_циклы!B7&"." -> Интерес аудитории снижается; требуется осторожная проверка ниши, сегмента и каналов продвижения. Сезонность: выраженная сезонность; максимум интереса – декабрь, минимум – март. Текущая фаза спроса: .

Sheet Ввод_данных
A1: Ввод данных из Google Trends и Яндекс Вордстат
A2: Заполните строки по месяцам. Google Trends вводится как индекс 0–100. Яндекс Вордстат вводится как абсолютное число запросов по выбранному семантическому кластеру. В демонстрационном примере приведены условные данные для бизнеса на основе компетенции «маркетинг».
A4: Период | B4: Кластер запросов | C4: Google Trends, 0–100 | D4: Яндекс Вордстат, запросов | E4: Регион / рынок | F4: Комментарий
A5: 45536 | B5: uml | C5: 55.2 | E5: Беларусь
A6: 45566 | B6: uml | C6: 28.75 | E6: Беларусь
A7: 45597 | B7: uml | C7: 44 | E7: Беларусь
A8: 45627 | B8: uml | C8: 28.4 | E8: Беларусь
A9: 45658 | B9: uml | C9: 10.75 | E9: Беларусь
A10: 45689 | B10: uml | C10: 15.75 | E10: Беларусь
A11: 45717 | B11: uml | C11: 24.2 | E11: Беларусь
A12: 45748 | B12: uml | C12: 0 | E12: Беларусь | F12: GT: недостаточно данных для этой недели/месяца
A13: 45778 | B13: uml | C13: 34.25 | E13: Беларусь
A14: 45809 | B14: uml | C14: 14.6 | E14: Беларусь
A15: 45839 | B15: uml | C15: 0 | E15: Беларусь | F15: GT: недостаточно данных для этой недели/месяца
A16: 45870 | B16: uml | C16: 0 | E16: Беларусь | F16: GT: недостаточно данных для этой недели/месяца
A17: 45901 | B17: uml | C17: 0 | E17: Беларусь | F17: GT: недостаточно данных для этой недели/месяца
A18: 45931 | B18: uml | C18: 23.5 | E18: Беларусь
A19: 45962 | B19: uml | C19: 15.4 | E19: Беларусь
A20: 45992 | B20: uml | C20: 56.5 | E20: Беларусь
A21: 46023 | B21: uml | C21: 0 | E21: Беларусь | F21: GT: недостаточно данных для этой недели/месяца
A22: 46054 | B22: uml | C22: 23 | E22: Беларусь
A23: 46082 | B23: uml | C23: 9.8 | E23: Беларусь
A24: 46113 | B24: uml | C24: 15.75 | E24: Беларусь
A25: 46143 | B25: uml | C25: 0 | E25: Беларусь | F25: GT: недостаточно данных для этой недели/месяца
A26: 46174 | B26: uml | C26: 0 | E26: Беларусь | F26: GT: недостаточно данных для этой недели/месяца
A27: 46204 | B27: uml | C27: 0 | E27: Беларусь | F27: GT: недостаточно данных для этой недели/месяца
A28: 46235 | B28: uml | C28: 0 | E28: Беларусь | F28: GT: недостаточно данных для этой недели/месяца

Sheet Расчет
A1: Расчет тренда, сезонности и циклических отклонений
A2: Расчет построен по мультипликативной логике: наблюдаемый интерес = тренд × сезонность × циклическое отклонение × случайные колебания. Для практической оценки используются скользящее среднее, сезонные индексы и коэффициент отклонения от трендово-сезонного уровня.
A4: Период | B4: Месяц № | C4: Месяц | D4: Google Trends | E4: Вордстат | F4: Вордстат норм. 0–100 | G4: Сводный индекс | H4: Тренд: скользящее среднее 12 мес. | I4: Y/T | J4: Сезонно очищенный индекс | K4: Циклический коэффициент | L4: Фаза цикла | M4: Комментарий | N4: Порядковый №
A5: =IF(Ввод_данных!A5="","",Ввод_данных!A5) -> 45536 | B5: =IF(A5="","",MONTH(A5)) -> 9 | C5: =IF(A5="","",CHOOSE(MONTH(A5),"январь","февраль","март","апрель","май","июнь","июль","август","сентябрь","октябрь","ноябрь","декабрь")) -> сентябрь | D5: =IF(Ввод_данных!C5="","",Ввод_данных!C5) -> 55.2 | E5: =IF(Ввод_данных!D5="","",Ввод_данных!D5) | F5: =IF(E5="","",IF(MAX($E$5:$E$64)=0,"",E5/MAX($E$5:$E$64)*100)) | G5: =IF(COUNT(D5,F5)=0,"",IF(COUNT(D5,F5)=2,D5*Настройки!$B$4+F5*Настройки!$B$5,IF(D5<>"",D5,F5))) -> 55.2 | H5: =IF(OR(G5="",COUNT($G$5:G5)<12),"","") | I5: =IF(OR(G5="",H5="",H5=0),"",G5/H5) | J5: =IF(OR(G5="",N(IFERROR(VLOOKUP(B5,Сезонность!$A$4:$D$15,4,FALSE),0))=0),"",G5/IFERROR(VLOOKUP(B5,Сезонность!$A$4:$D$15,4,FALSE),1)) | K5: =IF(OR(G5="",H5="",H5=0,N(IFERROR(VLOOKUP(B5,Сезонность!$A$4:$D$15,4,FALSE),0))=0),"",G5/(H5*IFERROR(VLOOKUP(B5,Сезонность!$A$4:$D$15,4,FALSE),1))) | L5: =IF(K5="","",IF(K5<Настройки!$B$11,"ниже тренда",IF(K5>Настройки!$B$12,"выше тренда","норма"))) | M5: =IF(L5="","",IF(L5="ниже тренда","возможное ослабление интереса",IF(L5="выше тренда","возможная фаза повышенного интереса","без выраженного отклонения"))) | N5: =IF(G5="","",COUNT($G$5:G5)) -> 1
A6: =IF(Ввод_данных!A6="","",Ввод_данных!A6) -> 45566 | B6: =IF(A6="","",MONTH(A6)) -> 10 | C6: =IF(A6="","",CHOOSE(MONTH(A6),"январь","февраль","март","апрель","май","июнь","июль","август","сентябрь","октябрь","ноябрь","декабрь")) -> октябрь | D6: =IF(Ввод_данных!C6="","",Ввод_данных!C6) -> 28.75 | E6: =IF(Ввод_данных!D6="","",Ввод_данных!D6) | F6: =IF(E6="","",IF(MAX($E$5:$E$64)=0,"",E6/MAX($E$5:$E$64)*100)) | G6: =IF(COUNT(D6,F6)=0,"",IF(COUNT(D6,F6)=2,D6*Настройки!$B$4+F6*Настройки!$B$5,IF(D6<>"",D6,F6))) -> 28.75 | H6: =IF(OR(G6="",COUNT($G$5:G6)<12),"","") | I6: =IF(OR(G6="",H6="",H6=0),"",G6/H6) | J6: =IF(OR(G6="",N(IFERROR(VLOOKUP(B6,Сезонность!$A$4:$D$15,4,FALSE),0))=0),"",G6/IFERROR(VLOOKUP(B6,Сезонность!$A$4:$D$15,4,FALSE),1)) -> 30.269089 | K6: =IF(OR(G6="",H6="",H6=0,N(IFERROR(VLOOKUP(B6,Сезонность!$A$4:$D$15,4,FALSE),0))=0),"",G6/(H6*IFERROR(VLOOKUP(B6,Сезонность!$A$4:$D$15,4,FALSE),1))) | L6: =IF(K6="","",IF(K6<Настройки!$B$11,"ниже тренда",IF(K6>Настройки!$B$12,"выше тренда","норма"))) | M6: =IF(L6="","",IF(L6="ниже тренда","возможное ослабление интереса",IF(L6="выше тренда","возможная фаза повышенного интереса","без выраженного отклонения"))) | N6: =IF(G6="","",COUNT($G$5:G6)) -> 2
A7: =IF(Ввод_данных!A7="","",Ввод_данных!A7) -> 45597 | B7: =IF(A7="","",MONTH(A7)) -> 11 | C7: =IF(A7="","",CHOOSE(MONTH(A7),"январь","февраль","март","апрель","май","июнь","июль","август","сентябрь","октябрь","ноябрь","декабрь")) -> ноябрь | D7: =IF(Ввод_данных!C7="","",Ввод_данных!C7) -> 44 | E7: =IF(Ввод_данных!D7="","",Ввод_данных!D7) | F7: =IF(E7="","",IF(MAX($E$5:$E$64)=0,"",E7/MAX($E$5:$E$64)*100)) | G7: =IF(COUNT(D7,F7)=0,"",IF(COUNT(D7,F7)=2,D7*Настройки!$B$4+F7*Настройки!$B$5,IF(D7<>"",D7,F7))) -> 44 | H7: =IF(OR(G7="",COUNT($G$5:G7)<12),"","") | I7: =IF(OR(G7="",H7="",H7=0),"",G7/H7) | J7: =IF(OR(G7="",N(IFERROR(VLOOKUP(B7,Сезонность!$A$4:$D$15,4,FALSE),0))=0),"",G7/IFERROR(VLOOKUP(B7,Сезонность!$A$4:$D$15,4,FALSE),1)) -> 60.346467 | K7: =IF(OR(G7="",H7="",H7=0,N(IFERROR(VLOOKUP(B7,Сезонность!$A$4:$D$15,4,FALSE),0))=0),"",G7/(H7*IFERROR(VLOOKUP(B7,Сезонность!$A$4:$D$15,4,FALSE),1))) | L7: =IF(K7="","",IF(K7<Настройки!$B$11,"ниже тренда",IF(K7>Настройки!$B$12,"выше тренда","норма"))) | M7: =IF(L7="","",IF(L7="ниже тренда","возможное ослабление интереса",IF(L7="выше тренда","возможная фаза повышенного интереса","без выраженного отклонения"))) | N7: =IF(G7="","",COUNT($G$5:G7)) -> 3
A8: =IF(Ввод_данных!A8="","",Ввод_данных!A8) -> 45627 | B8: =IF(A8="","",MONTH(A8)) -> 12 | C8: =IF(A8="","",CHOOSE(MONTH(A8),"январь","февраль","март","апрель","май","июнь","июль","август","сентябрь","октябрь","ноябрь","декабрь")) -> декабрь | D8: =IF(Ввод_данных!C8="","",Ввод_данных!C8) -> 28.4 | E8: =IF(Ввод_данных!D8="","",Ввод_данных!D8) | F8: =IF(E8="","",IF(MAX($E$5:$E$64)=0,"",E8/MAX($E$5:$E$64)*100)) | G8: =IF(COUNT(D8,F8)=0,"",IF(COUNT(D8,F8)=2,D8*Настройки!$B$4+F8*Настройки!$B$5,IF(D8<>"",D8,F8))) -> 28.4 | H8: =IF(OR(G8="",COUNT($G$5:G8)<12),"","") | I8: =IF(OR(G8="",H8="",H8=0),"",G8/H8) | J8: =IF(OR(G8="",N(IFERROR(VLOOKUP(B8,Сезонность!$A$4:$D$15,4,FALSE),0))=0),"",G8/IFERROR(VLOOKUP(B8,Сезонность!$A$4:$D$15,4,FALSE),1)) -> 12.404716 | K8: =IF(OR(G8="",H8="",H8=0,N(IFERROR(VLOOKUP(B8,Сезонность!$A$4:$D$15,4,FALSE),0))=0),"",G8/(H8*IFERROR(VLOOKUP(B8,Сезонность!$A$4:$D$15,4,FALSE),1))) | L8: =IF(K8="","",IF(K8<Настройки!$B$11,"ниже тренда",IF(K8>Настройки!$B$12,"выше тренда","норма"))) | M8: =IF(L8="","",IF(L8="ниже тренда","возможное ослабление интереса",IF(L8="выше тренда","возможная фаза повышенного интереса","без выраженного отклонения"))) | N8: =IF(G8="","",COUNT($G$5:G8)) -> 4
A9: =IF(Ввод_данных!A9="","",Ввод_данных!A9) -> 45658 | B9: =IF(A9="","",MONTH(A9)) -> 1 | C9: =IF(A9="","",CHOOSE(MONTH(A9),"январь","февраль","март","апрель","май","июнь","июль","август","сентябрь","октябрь","ноябрь","декабрь")) -> январь | D9: =IF(Ввод_данных!C9="","",Ввод_данных!C9) -> 10.75 | E9: =IF(Ввод_данных!D9="","",Ввод_данных!D9) | F9: =IF(E9="","",IF(MAX($E$5:$E$64)=0,"",E9/MAX($E$5:$E$64)*100)) | G9: =IF(COUNT(D9,F9)=0,"",IF(COUNT(D9,F9)=2,D9*Настройки!$B$4+F9*Настройки!$B$5,IF(D9<>"",D9,F9))) -> 10.75 | H9: =IF(OR(G9="",COUNT($G$5:G9)<12),"","") | I9: =IF(OR(G9="",H9="",H9=0),"",G9/H9) | J9: =IF(OR(G9="",N(IFERROR(VLOOKUP(B9,Сезонность!$A$4:$D$15,4,FALSE),0))=0),"",G9/IFERROR(VLOOKUP(B9,Сезонность!$A$4:$D$15,4,FALSE),1)) | K9: =IF(OR(G9="",H9="",H9=0,N(IFERROR(VLOOKUP(B9,Сезонность!$A$4:$D$15,4,FALSE),0))=0),"",G9/(H9*IFERROR(VLOOKUP(B9,Сезонность!$A$4:$D$15,4,FALSE),1))) | L9: =IF(K9="","",IF(K9<Настройки!$B$11,"ниже тренда",IF(K9>Настройки!$B$12,"выше тренда","норма"))) | M9: =IF(L9="","",IF(L9="ниже тренда","возможное ослабление интереса",IF(L9="выше тренда","возможная фаза повышенного интереса","без выраженного отклонения"))) | N9: =IF(G9="","",COUNT($G$5:G9)) -> 5
A10: =IF(Ввод_данных!A10="","",Ввод_данных!A10) -> 45689 | B10: =IF(A10="","",MONTH(A10)) -> 2 | C10: =IF(A10="","",CHOOSE(MONTH(A10),"январь","февраль","март","апрель","май","июнь","июль","август","сентябрь","октябрь","ноябрь","декабрь")) -> февраль | D10: =IF(Ввод_данных!C10="","",Ввод_данных!C10) -> 15.75 | E10: =IF(Ввод_данных!D10="","",Ввод_данных!D10) | F10: =IF(E10="","",IF(MAX($E$5:$E$64)=0,"",E10/MAX($E$5:$E$64)*100)) | G10: =IF(COUNT(D10,F10)=0,"",IF(COUNT(D10,F10)=2,D10*Настройки!$B$4+F10*Настройки!$B$5,IF(D10<>"",D10,F10))) -> 15.75 | H10: =IF(OR(G10="",COUNT($G$5:G10)<12),"","") | I10: =IF(OR(G10="",H10="",H10=0),"",G10/H10) | J10: =IF(OR(G10="",N(IFERROR(VLOOKUP(B10,Сезонность!$A$4:$D$15,4,FALSE),0))=0),"",G10/IFERROR(VLOOKUP(B10,Сезонность!$A$4:$D$15,4,FALSE),1)) -> 16.595937 | K10: =IF(OR(G10="",H10="",H10=0,N(IFERROR(VLOOKUP(B10,Сезонность!$A$4:$D$15,4,FALSE),0))=0),"",G10/(H10*IFERROR(VLOOKUP(B10,Сезонность!$A$4:$D$15,4,FALSE),1))) | L10: =IF(K10="","",IF(K10<Настройки!$B$11,"ниже тренда",IF(K10>Настройки!$B$12,"выше тренда","норма"))) | M10: =IF(L10="","",IF(L10="ниже тренда","возможное ослабление интереса",IF(L10="выше тренда","возможная фаза повышенного интереса","без выраженного отклонения"))) | N10: =IF(G10="","",COUNT($G$5:G10)) -> 6
A11: =IF(Ввод_данных!A11="","",Ввод_данных!A11) -> 45717 | B11: =IF(A11="","",MONTH(A11)) -> 3 | C11: =IF(A11="","",CHOOSE(MONTH(A11),"январь","февраль","март","апрель","май","июнь","июль","август","сентябрь","октябрь","ноябрь","декабрь")) -> март | D11: =IF(Ввод_данных!C11="","",Ввод_данных!C11) -> 24.2 | E11: =IF(Ввод_данных!D11="","",Ввод_данных!D11) | F11: =IF(E11="","",IF(MAX($E$5:$E$64)=0,"",E11/MAX($E$5:$E$64)*100)) | G11: =IF(COUNT(D11,F11)=0,"",IF(COUNT(D11,F11)=2,D11*Настройки!$B$4+F11*Настройки!$B$5,IF(D11<>"",D11,F11))) -> 24.2 | H11: =IF(OR(G11="",COUNT($G$5:G11)<12),"","") | I11: =IF(OR(G11="",H11="",H11=0),"",G11/H11) | J11: =IF(OR(G11="",N(IFERROR(VLOOKUP(B11,Сезонность!$A$4:$D$15,4,FALSE),0))=0),"",G11/IFERROR(VLOOKUP(B11,Сезонность!$A$4:$D$15,4,FALSE),1)) -> 55.345065 | K11: =IF(OR(G11="",H11="",H11=0,N(IFERROR(VLOOKUP(B11,Сезонность!$A$4:$D$15,4,FALSE),0))=0),"",G11/(H11*IFERROR(VLOOKUP(B11,Сезонность!$A$4:$D$15,4,FALSE),1))) | L11: =IF(K11="","",IF(K11<Настройки!$B$11,"ниже тренда",IF(K11>Настройки!$B$12,"выше тренда","норма"))) | M11: =IF(L11="","",IF(L11="ниже тренда","возможное ослабление интереса",IF(L11="выше тренда","возможная фаза повышенного интереса","без выраженного отклонения"))) | N11: =IF(G11="","",COUNT($G$5:G11)) -> 7
A12: =IF(Ввод_данных!A12="","",Ввод_данных!A12) -> 45748 | B12: =IF(A12="","",MONTH(A12)) -> 4 | C12: =IF(A12="","",CHOOSE(MONTH(A12),"январь","февраль","март","апрель","май","июнь","июль","август","сентябрь","октябрь","ноябрь","декабрь")) -> апрель | D12: =IF(Ввод_данных!C12="","",Ввод_данных!C12) -> 0 | E12: =IF(Ввод_данных!D12="","",Ввод_данных!D12) | F12: =IF(E12="","",IF(MAX($E$5:$E$64)=0,"",E12/MAX($E$5:$E$64)*100)) | G12: =IF(COUNT(D12,F12)=0,"",IF(COUNT(D12,F12)=2,D12*Настройки!$B$4+F12*Настройки!$B$5,IF(D12<>"",D12,F12))) -> 0 | H12: =IF(OR(G12="",COUNT($G$5:G12)<12),"","") | I12: =IF(OR(G12="",H12="",H12=0),"",G12/H12) | J12: =IF(OR(G12="",N(IFERROR(VLOOKUP(B12,Сезонность!$A$4:$D$15,4,FALSE),0))=0),"",G12/IFERROR(VLOOKUP(B12,Сезонность!$A$4:$D$15,4,FALSE),1)) -> 0 | K12: =IF(OR(G12="",H12="",H12=0,N(IFERROR(VLOOKUP(B12,Сезонность!$A$4:$D$15,4,FALSE),0))=0),"",G12/(H12*IFERROR(VLOOKUP(B12,Сезонность!$A$4:$D$15,4,FALSE),1))) | L12: =IF(K12="","",IF(K12<Настройки!$B$11,"ниже тренда",IF(K12>Настройки!$B$12,"выше тренда","норма"))) | M12: =IF(L12="","",IF(L12="ниже тренда","возможное ослабление интереса",IF(L12="выше тренда","возможная фаза повышенного интереса","без выраженного отклонения"))) | N12: =IF(G12="","",COUNT($G$5:G12)) -> 8
A13: =IF(Ввод_данных!A13="","",Ввод_данных!A13) -> 45778 | B13: =IF(A13="","",MONTH(A13)) -> 5 | C13: =IF(A13="","",CHOOSE(MONTH(A13),"январь","февраль","март","апрель","май","июнь","июль","август","сентябрь","октябрь","ноябрь","декабрь")) -> май | D13: =IF(Ввод_данных!C13="","",Ввод_данных!C13) -> 34.25 | E13: =IF(Ввод_данных!D13="","",Ввод_данных!D13) | F13: =IF(E13="","",IF(MAX($E$5:$E$64)=0,"",E13/MAX($E$5:$E$64)*100)) | G13: =IF(COUNT(D13,F13)=0,"",IF(COUNT(D13,F13)=2,D13*Настройки!$B$4+F13*Настройки!$B$5,IF(D13<>"",D13,F13))) -> 34.25 | H13: =IF(OR(G13="",COUNT($G$5:G13)<12),"","") | I13: =IF(OR(G13="",H13="",H13=0),"",G13/H13) | J13: =IF(OR(G13="",N(IFERROR(VLOOKUP(B13,Сезонность!$A$4:$D$15,4,FALSE),0))=0),"",G13/IFERROR(VLOOKUP(B13,Сезонность!$A$4:$D$15,4,FALSE),1)) | K13: =IF(OR(G13="",H13="",H13=0,N(IFERROR(VLOOKUP(B13,Сезонность!$A$4:$D$15,4,FALSE),0))=0),"",G13/(H13*IFERROR(VLOOKUP(B13,Сезонность!$A$4:$D$15,4,FALSE),1))) | L13: =IF(K13="","",IF(K13<Настройки!$B$11,"ниже тренда",IF(K13>Настройки!$B$12,"выше тренда","норма"))) | M13: =IF(L13="","",IF(L13="ниже тренда","возможное ослабление интереса",IF(L13="выше тренда","возможная фаза повышенного интереса","без выраженного отклонения"))) | N13: =IF(G13="","",COUNT($G$5:G13)) -> 9
A14: =IF(Ввод_данных!A14="","",Ввод_данных!A14) -> 45809 | B14: =IF(A14="","",MONTH(A14)) -> 6 | C14: =IF(A14="","",CHOOSE(MONTH(A14),"январь","февраль","март","апрель","май","июнь","июль","август","сентябрь","октябрь","ноябрь","декабрь")) -> июнь | D14: =IF(Ввод_данных!C14="","",Ввод_данных!C14) -> 14.6 | E14: =IF(Ввод_данных!D14="","",Ввод_данных!D14) | F14: =IF(E14="","",IF(MAX($E$5:$E$64)=0,"",E14/MAX($E$5:$E$64)*100)) | G14: =IF(COUNT(D14,F14)=0,"",IF(COUNT(D14,F14)=2,D14*Настройки!$B$4+F14*Настройки!$B$5,IF(D14<>"",D14,F14))) -> 14.6 | H14: =IF(OR(G14="",COUNT($G$5:G14)<12),"","") | I14: =IF(OR(G14="",H14="",H14=0),"",G14/H14) | J14: =IF(OR(G14="",N(IFERROR(VLOOKUP(B14,Сезонность!$A$4:$D$15,4,FALSE),0))=0),"",G14/IFERROR(VLOOKUP(B14,Сезонность!$A$4:$D$15,4,FALSE),1)) | K14: =IF(OR(G14="",H14="",H14=0,N(IFERROR(VLOOKUP(B14,Сезонность!$A$4:$D$15,4,FALSE),0))=0),"",G14/(H14*IFERROR(VLOOKUP(B14,Сезонность!$A$4:$D$15,4,FALSE),1))) | L14: =IF(K14="","",IF(K14<Настройки!$B$11,"ниже тренда",IF(K14>Настройки!$B$12,"выше тренда","норма"))) | M14: =IF(L14="","",IF(L14="ниже тренда","возможное ослабление интереса",IF(L14="выше тренда","возможная фаза повышенного интереса","без выраженного отклонения"))) | N14: =IF(G14="","",COUNT($G$5:G14)) -> 10
A15: =IF(Ввод_данных!A15="","",Ввод_данных!A15) -> 45839 | B15: =IF(A15="","",MONTH(A15)) -> 7 | C15: =IF(A15="","",CHOOSE(MONTH(A15),"январь","февраль","март","апрель","май","июнь","июль","август","сентябрь","октябрь","ноябрь","декабрь")) -> июль | D15: =IF(Ввод_данных!C15="","",Ввод_данных!C15) -> 0 | E15: =IF(Ввод_данных!D15="","",Ввод_данных!D15) | F15: =IF(E15="","",IF(MAX($E$5:$E$64)=0,"",E15/MAX($E$5:$E$64)*100)) | G15: =IF(COUNT(D15,F15)=0,"",IF(COUNT(D15,F15)=2,D15*Настройки!$B$4+F15*Настройки!$B$5,IF(D15<>"",D15,F15))) -> 0 | H15: =IF(OR(G15="",COUNT($G$5:G15)<12),"","") | I15: =IF(OR(G15="",H15="",H15=0),"",G15/H15) | J15: =IF(OR(G15="",N(IFERROR(VLOOKUP(B15,Сезонность!$A$4:$D$15,4,FALSE),0))=0),"",G15/IFERROR(VLOOKUP(B15,Сезонность!$A$4:$D$15,4,FALSE),1)) | K15: =IF(OR(G15="",H15="",H15=0,N(IFERROR(VLOOKUP(B15,Сезонность!$A$4:$D$15,4,FALSE),0))=0),"",G15/(H15*IFERROR(VLOOKUP(B15,Сезонность!$A$4:$D$15,4,FALSE),1))) | L15: =IF(K15="","",IF(K15<Настройки!$B$11,"ниже тренда",IF(K15>Настройки!$B$12,"выше тренда","норма"))) | M15: =IF(L15="","",IF(L15="ниже тренда","возможное ослабление интереса",IF(L15="выше тренда","возможная фаза повышенного интереса","без выраженного отклонения"))) | N15: =IF(G15="","",COUNT($G$5:G15)) -> 11
A16: =IF(Ввод_данных!A16="","",Ввод_данных!A16) -> 45870 | B16: =IF(A16="","",MONTH(A16)) -> 8 | C16: =IF(A16="","",CHOOSE(MONTH(A16),"январь","февраль","март","апрель","май","июнь","июль","август","сентябрь","октябрь","ноябрь","декабрь")) -> август | D16: =IF(Ввод_данных!C16="","",Ввод_данных!C16) -> 0 | E16: =IF(Ввод_данных!D16="","",Ввод_данных!D16) | F16: =IF(E16="","",IF(MAX($E$5:$E$64)=0,"",E16/MAX($E$5:$E$64)*100)) | G16: =IF(COUNT(D16,F16)=0,"",IF(COUNT(D16,F16)=2,D16*Настройки!$B$4+F16*Настройки!$B$5,IF(D16<>"",D16,F16))) -> 0 | H16: =IF(OR(G16="",COUNT($G$5:G16)<12),"",AVERAGE(G5:G16)) -> 21.325 | I16: =IF(OR(G16="",H16="",H16=0),"",G16/H16) -> 0 | J16: =IF(OR(G16="",N(IFERROR(VLOOKUP(B16,Сезонность!$A$4:$D$15,4,FALSE),0))=0),"",G16/IFERROR(VLOOKUP(B16,Сезонность!$A$4:$D$15,4,FALSE),1)) | K16: =IF(OR(G16="",H16="",H16=0,N(IFERROR(VLOOKUP(B16,Сезонность!$A$4:$D$15,4,FALSE),0))=0),"",G16/(H16*IFERROR(VLOOKUP(B16,Сезонность!$A$4:$D$15,4,FALSE),1))) | L16: =IF(K16="","",IF(K16<Настройки!$B$11,"ниже тренда",IF(K16>Настройки!$B$12,"выше тренда","норма"))) | M16: =IF(L16="","",IF(L16="ниже тренда","возможное ослабление интереса",IF(L16="выше тренда","возможная фаза повышенного интереса","без выраженного отклонения"))) | N16: =IF(G16="","",COUNT($G$5:G16)) -> 12
A17: =IF(Ввод_данных!A17="","",Ввод_данных!A17) -> 45901 | B17: =IF(A17="","",MONTH(A17)) -> 9 | C17: =IF(A17="","",CHOOSE(MONTH(A17),"январь","февраль","март","апрель","май","июнь","июль","август","сентябрь","октябрь","ноябрь","декабрь")) -> сентябрь | D17: =IF(Ввод_данных!C17="","",Ввод_данных!C17) -> 0 | E17: =IF(Ввод_данных!D17="","",Ввод_данных!D17) | F17: =IF(E17="","",IF(MAX($E$5:$E$64)=0,"",E17/MAX($E$5:$E$64)*100)) | G17: =IF(COUNT(D17,F17)=0,"",IF(COUNT(D17,F17)=2,D17*Настройки!$B$4+F17*Настройки!$B$5,IF(D17<>"",D17,F17))) -> 0 | H17: =IF(OR(G17="",COUNT($G$5:G17)<12),"",AVERAGE(G6:G17)) -> 16.725 | I17: =IF(OR(G17="",H17="",H17=0),"",G17/H17) -> 0 | J17: =IF(OR(G17="",N(IFERROR(VLOOKUP(B17,Сезонность!$A$4:$D$15,4,FALSE),0))=0),"",G17/IFERROR(VLOOKUP(B17,Сезонность!$A$4:$D$15,4,FALSE),1)) | K17: =IF(OR(G17="",H17="",H17=0,N(IFERROR(VLOOKUP(B17,Сезонность!$A$4:$D$15,4,FALSE),0))=0),"",G17/(H17*IFERROR(VLOOKUP(B17,Сезонность!$A$4:$D$15,4,FALSE),1))) | L17: =IF(K17="","",IF(K17<Настройки!$B$11,"ниже тренда",IF(K17>Настройки!$B$12,"выше тренда","норма"))) | M17: =IF(L17="","",IF(L17="ниже тренда","возможное ослабление интереса",IF(L17="выше тренда","возможная фаза повышенного интереса","без выраженного отклонения"))) | N17: =IF(G17="","",COUNT($G$5:G17)) -> 13
A18: =IF(Ввод_данных!A18="","",Ввод_данных!A18) -> 45931 | B18: =IF(A18="","",MONTH(A18)) -> 10 | C18: =IF(A18="","",CHOOSE(MONTH(A18),"январь","февраль","март","апрель","май","июнь","июль","август","сентябрь","октябрь","ноябрь","декабрь")) -> октябрь | D18: =IF(Ввод_данных!C18="","",Ввод_данных!C18) -> 23.5 | E18: =IF(Ввод_данных!D18="","",Ввод_данных!D18) | F18: =IF(E18="","",IF(MAX($E$5:$E$64)=0,"",E18/MAX($E$5:$E$64)*100)) | G18: =IF(COUNT(D18,F18)=0,"",IF(COUNT(D18,F18)=2,D18*Настройки!$B$4+F18*Настройки!$B$5,IF(D18<>"",D18,F18))) -> 23.5 | H18: =IF(OR(G18="",COUNT($G$5:G18)<12),"",AVERAGE(G7:G18)) -> 16.2875 | I18: =IF(OR(G18="",H18="",H18=0),"",G18/H18) -> 1.4428243 | J18: =IF(OR(G18="",N(IFERROR(VLOOKUP(B18,Сезонность!$A$4:$D$15,4,FALSE),0))=0),"",G18/IFERROR(VLOOKUP(B18,Сезонность!$A$4:$D$15,4,FALSE),1)) -> 24.74169 | K18: =IF(OR(G18="",H18="",H18=0,N(IFERROR(VLOOKUP(B18,Сезонность!$A$4:$D$15,4,FALSE),0))=0),"",G18/(H18*IFERROR(VLOOKUP(B18,Сезонность!$A$4:$D$15,4,FALSE),1))) -> 1.51906 | L18: =IF(K18="","",IF(K18<Настройки!$B$11,"ниже тренда",IF(K18>Настройки!$B$12,"выше тренда","норма"))) -> выше тренда | M18: =IF(L18="","",IF(L18="ниже тренда","возможное ослабление интереса",IF(L18="выше тренда","возможная фаза повышенного интереса","без выраженного отклонения"))) -> возможная фаза повышенного интереса | N18: =IF(G18="","",COUNT($G$5:G18)) -> 14
A19: =IF(Ввод_данных!A19="","",Ввод_данных!A19) -> 45962 | B19: =IF(A19="","",MONTH(A19)) -> 11 | C19: =IF(A19="","",CHOOSE(MONTH(A19),"январь","февраль","март","апрель","май","июнь","июль","август","сентябрь","октябрь","ноябрь","декабрь")) -> ноябрь | D19: =IF(Ввод_данных!C19="","",Ввод_данных!C19) -> 15.4 | E19: =IF(Ввод_данных!D19="","",Ввод_данных!D19) | F19: =IF(E19="","",IF(MAX($E$5:$E$64)=0,"",E19/MAX($E$5:$E$64)*100)) | G19: =IF(COUNT(D19,F19)=0,"",IF(COUNT(D19,F19)=2,D19*Настройки!$B$4+F19*Настройки!$B$5,IF(D19<>"",D19,F19))) -> 15.4 | H19: =IF(OR(G19="",COUNT($G$5:G19)<12),"",AVERAGE(G8:G19)) -> 13.904167 | I19: =IF(OR(G19="",H19="",H19=0),"",G19/H19) -> 1.1075817 | J19: =IF(OR(G19="",N(IFERROR(VLOOKUP(B19,Сезонность!$A$4:$D$15,4,FALSE),0))=0),"",G19/IFERROR(VLOOKUP(B19,Сезонность!$A$4:$D$15,4,FALSE),1)) -> 21.121263 | K19: =IF(OR(G19="",H19="",H19=0,N(IFERROR(VLOOKUP(B19,Сезонность!$A$4:$D$15,4,FALSE),0))=0),"",G19/(H19*IFERROR(VLOOKUP(B19,Сезонность!$A$4:$D$15,4,FALSE),1))) -> 1.51906 | L19: =IF(K19="","",IF(K19<Настройки!$B$11,"ниже тренда",IF(K19>Настройки!$B$12,"выше тренда","норма"))) -> выше тренда | M19: =IF(L19="","",IF(L19="ниже тренда","возможное ослабление интереса",IF(L19="выше тренда","возможная фаза повышенного интереса","без выраженного отклонения"))) -> возможная фаза повышенного интереса | N19: =IF(G19="","",COUNT($G$5:G19)) -> 15
A20: =IF(Ввод_данных!A20="","",Ввод_данных!A20) -> 45992 | B20: =IF(A20="","",MONTH(A20)) -> 12 | C20: =IF(A20="","",CHOOSE(MONTH(A20),"январь","февраль","март","апрель","май","июнь","июль","август","сентябрь","октябрь","ноябрь","декабрь")) -> декабрь | D20: =IF(Ввод_данных!C20="","",Ввод_данных!C20) -> 56.5 | E20: =IF(Ввод_данных!D20="","",Ввод_данных!D20) | F20: =IF(E20="","",IF(MAX($E$5:$E$64)=0,"",E20/MAX($E$5:$E$64)*100)) | G20: =IF(COUNT(D20,F20)=0,"",IF(COUNT(D20,F20)=2,D20*Настройки!$B$4+F20*Настройки!$B$5,IF(D20<>"",D20,F20))) -> 56.5 | H20: =IF(OR(G20="",COUNT($G$5:G20)<12),"",AVERAGE(G9:G20)) -> 16.245833 | I20: =IF(OR(G20="",H20="",H20=0),"",G20/H20) -> 3.4778148 | J20: =IF(OR(G20="",N(IFERROR(VLOOKUP(B20,Сезонность!$A$4:$D$15,4,FALSE),0))=0),"",G20/IFERROR(VLOOKUP(B20,Сезонность!$A$4:$D$15,4,FALSE),1)) -> 24.678396 | K20: =IF(OR(G20="",H20="",H20=0,N(IFERROR(VLOOKUP(B20,Сезонность!$A$4:$D$15,4,FALSE),0))=0),"",G20/(H20*IFERROR(VLOOKUP(B20,Сезонность!$A$4:$D$15,4,FALSE),1))) -> 1.51906 | L20: =IF(K20="","",IF(K20<Настройки!$B$11,"ниже тренда",IF(K20>Настройки!$B$12,"выше тренда","норма"))) -> выше тренда | M20: =IF(L20="","",IF(L20="ниже тренда","возможное ослабление интереса",IF(L20="выше тренда","возможная фаза повышенного интереса","без выраженного отклонения"))) -> возможная фаза повышенного интереса | N20: =IF(G20="","",COUNT($G$5:G20)) -> 16
A21: =IF(Ввод_данных!A21="","",Ввод_данных!A21) -> 46023 | B21: =IF(A21="","",MONTH(A21)) -> 1 | C21: =IF(A21="","",CHOOSE(MONTH(A21),"январь","февраль","март","апрель","май","июнь","июль","август","сентябрь","октябрь","ноябрь","декабрь")) -> январь | D21: =IF(Ввод_данных!C21="","",Ввод_данных!C21) -> 0 | E21: =IF(Ввод_данных!D21="","",Ввод_данных!D21) | F21: =IF(E21="","",IF(MAX($E$5:$E$64)=0,"",E21/MAX($E$5:$E$64)*100)) | G21: =IF(COUNT(D21,F21)=0,"",IF(COUNT(D21,F21)=2,D21*Настройки!$B$4+F21*Настройки!$B$5,IF(D21<>"",D21,F21))) -> 0 | H21: =IF(OR(G21="",COUNT($G$5:G21)<12),"",AVERAGE(G10:G21)) -> 15.35 | I21: =IF(OR(G21="",H21="",H21=0),"",G21/H21) -> 0 | J21: =IF(OR(G21="",N(IFERROR(VLOOKUP(B21,Сезонность!$A$4:$D$15,4,FALSE),0))=0),"",G21/IFERROR(VLOOKUP(B21,Сезонность!$A$4:$D$15,4,FALSE),1)) | K21: =IF(OR(G21="",H21="",H21=0,N(IFERROR(VLOOKUP(B21,Сезонность!$A$4:$D$15,4,FALSE),0))=0),"",G21/(H21*IFERROR(VLOOKUP(B21,Сезонность!$A$4:$D$15,4,FALSE),1))) | L21: =IF(K21="","",IF(K21<Настройки!$B$11,"ниже тренда",IF(K21>Настройки!$B$12,"выше тренда","норма"))) | M21: =IF(L21="","",IF(L21="ниже тренда","возможное ослабление интереса",IF(L21="выше тренда","возможная фаза повышенного интереса","без выраженного отклонения"))) | N21: =IF(G21="","",COUNT($G$5:G21)) -> 17
A22: =IF(Ввод_данных!A22="","",Ввод_данных!A22) -> 46054 | B22: =IF(A22="","",MONTH(A22)) -> 2 | C22: =IF(A22="","",CHOOSE(MONTH(A22),"январь","февраль","март","апрель","май","июнь","июль","август","сентябрь","октябрь","ноябрь","декабрь")) -> февраль | D22: =IF(Ввод_данных!C22="","",Ввод_данных!C22) -> 23 | E22: =IF(Ввод_данных!D22="","",Ввод_данных!D22) | F22: =IF(E22="","",IF(MAX($E$5:$E$64)=0,"",E22/MAX($E$5:$E$64)*100)) | G22: =IF(COUNT(D22,F22)=0,"",IF(COUNT(D22,F22)=2,D22*Настройки!$B$4+F22*Настройки!$B$5,IF(D22<>"",D22,F22))) -> 23 | H22: =IF(OR(G22="",COUNT($G$5:G22)<12),"",AVERAGE(G11:G22)) -> 15.954167 | I22: =IF(OR(G22="",H22="",H22=0),"",G22/H22) -> 1.4416297 | J22: =IF(OR(G22="",N(IFERROR(VLOOKUP(B22,Сезонность!$A$4:$D$15,4,FALSE),0))=0),"",G22/IFERROR(VLOOKUP(B22,Сезонность!$A$4:$D$15,4,FALSE),1)) -> 24.235336 | K22: =IF(OR(G22="",H22="",H22=0,N(IFERROR(VLOOKUP(B22,Сезонность!$A$4:$D$15,4,FALSE),0))=0),"",G22/(H22*IFERROR(VLOOKUP(B22,Сезонность!$A$4:$D$15,4,FALSE),1))) -> 1.51906 | L22: =IF(K22="","",IF(K22<Настройки!$B$11,"ниже тренда",IF(K22>Настройки!$B$12,"выше тренда","норма"))) -> выше тренда | M22: =IF(L22="","",IF(L22="ниже тренда","возможное ослабление интереса",IF(L22="выше тренда","возможная фаза повышенного интереса","без выраженного отклонения"))) -> возможная фаза повышенного интереса | N22: =IF(G22="","",COUNT($G$5:G22)) -> 18
A23: =IF(Ввод_данных!A23="","",Ввод_данных!A23) -> 46082 | B23: =IF(A23="","",MONTH(A23)) -> 3 | C23: =IF(A23="","",CHOOSE(MONTH(A23),"январь","февраль","март","апрель","май","июнь","июль","август","сентябрь","октябрь","ноябрь","декабрь")) -> март | D23: =IF(Ввод_данных!C23="","",Ввод_данных!C23) -> 9.8 | E23: =IF(Ввод_данных!D23="","",Ввод_данных!D23) | F23: =IF(E23="","",IF(MAX($E$5:$E$64)=0,"",E23/MAX($E$5:$E$64)*100)) | G23: =IF(COUNT(D23,F23)=0,"",IF(COUNT(D23,F23)=2,D23*Настройки!$B$4+F23*Настройки!$B$5,IF(D23<>"",D23,F23))) -> 9.8 | H23: =IF(OR(G23="",COUNT($G$5:G23)<12),"",AVERAGE(G12:G23)) -> 14.754167 | I23: =IF(OR(G23="",H23="",H23=0),"",G23/H23) -> 0.66421915 | J23: =IF(OR(G23="",N(IFERROR(VLOOKUP(B23,Сезонность!$A$4:$D$15,4,FALSE),0))=0),"",G23/IFERROR(VLOOKUP(B23,Сезонность!$A$4:$D$15,4,FALSE),1)) -> 22.412464 | K23: =IF(OR(G23="",H23="",H23=0,N(IFERROR(VLOOKUP(B23,Сезонность!$A$4:$D$15,4,FALSE),0))=0),"",G23/(H23*IFERROR(VLOOKUP(B23,Сезонность!$A$4:$D$15,4,FALSE),1))) -> 1.51906 | L23: =IF(K23="","",IF(K23<Настройки!$B$11,"ниже тренда",IF(K23>Настройки!$B$12,"выше тренда","норма"))) -> выше тренда | M23: =IF(L23="","",IF(L23="ниже тренда","возможное ослабление интереса",IF(L23="выше тренда","возможная фаза повышенного интереса","без выраженного отклонения"))) -> возможная фаза повышенного интереса | N23: =IF(G23="","",COUNT($G$5:G23)) -> 19
A24: =IF(Ввод_данных!A24="","",Ввод_данных!A24) -> 46113 | B24: =IF(A24="","",MONTH(A24)) -> 4 | C24: =IF(A24="","",CHOOSE(MONTH(A24),"январь","февраль","март","апрель","май","июнь","июль","август","сентябрь","октябрь","ноябрь","декабрь")) -> апрель | D24: =IF(Ввод_данных!C24="","",Ввод_данных!C24) -> 15.75 | E24: =IF(Ввод_данных!D24="","",Ввод_данных!D24) | F24: =IF(E24="","",IF(MAX($E$5:$E$64)=0,"",E24/MAX($E$5:$E$64)*100)) | G24: =IF(COUNT(D24,F24)=0,"",IF(COUNT(D24,F24)=2,D24*Настройки!$B$4+F24*Настройки!$B$5,IF(D24<>"",D24,F24))) -> 15.75 | H24: =IF(OR(G24="",COUNT($G$5:G24)<12),"",AVERAGE(G13:G24)) -> 16.066667 | I24: =IF(OR(G24="",H24="",H24=0),"",G24/H24) -> 0.98029046 | J24: =IF(OR(G24="",N(IFERROR(VLOOKUP(B24,Сезонность!$A$4:$D$15,4,FALSE),0))=0),"",G24/IFERROR(VLOOKUP(B24,Сезонность!$A$4:$D$15,4,FALSE),1)) -> 24.406231 | K24: =IF(OR(G24="",H24="",H24=0,N(IFERROR(VLOOKUP(B24,Сезонность!$A$4:$D$15,4,FALSE),0))=0),"",G24/(H24*IFERROR(VLOOKUP(B24,Сезонность!$A$4:$D$15,4,FALSE),1))) -> 1.51906 | L24: =IF(K24="","",IF(K24<Настройки!$B$11,"ниже тренда",IF(K24>Настройки!$B$12,"выше тренда","норма"))) -> выше тренда | M24: =IF(L24="","",IF(L24="ниже тренда","возможное ослабление интереса",IF(L24="выше тренда","возможная фаза повышенного интереса","без выраженного отклонения"))) -> возможная фаза повышенного интереса | N24: =IF(G24="","",COUNT($G$5:G24)) -> 20
A25: =IF(Ввод_данных!A25="","",Ввод_данных!A25) -> 46143 | B25: =IF(A25="","",MONTH(A25)) -> 5 | C25: =IF(A25="","",CHOOSE(MONTH(A25),"январь","февраль","март","апрель","май","июнь","июль","август","сентябрь","октябрь","ноябрь","декабрь")) -> май | D25: =IF(Ввод_данных!C25="","",Ввод_данных!C25) -> 0 | E25: =IF(Ввод_данных!D25="","",Ввод_данных!D25) | F25: =IF(E25="","",IF(MAX($E$5:$E$64)=0,"",E25/MAX($E$5:$E$64)*100)) | G25: =IF(COUNT(D25,F25)=0,"",IF(COUNT(D25,F25)=2,D25*Настройки!$B$4+F25*Настройки!$B$5,IF(D25<>"",D25,F25))) -> 0 | H25: =IF(OR(G25="",COUNT($G$5:G25)<12),"",AVERAGE(G14:G25)) -> 13.2125 | I25: =IF(OR(G25="",H25="",H25=0),"",G25/H25) -> 0 | J25: =IF(OR(G25="",N(IFERROR(VLOOKUP(B25,Сезонность!$A$4:$D$15,4,FALSE),0))=0),"",G25/IFERROR(VLOOKUP(B25,Сезонность!$A$4:$D$15,4,FALSE),1)) | K25: =IF(OR(G25="",H25="",H25=0,N(IFERROR(VLOOKUP(B25,Сезонность!$A$4:$D$15,4,FALSE),0))=0),"",G25/(H25*IFERROR(VLOOKUP(B25,Сезонность!$A$4:$D$15,4,FALSE),1))) | L25: =IF(K25="","",IF(K25<Настройки!$B$11,"ниже тренда",IF(K25>Настройки!$B$12,"выше тренда","норма"))) | M25: =IF(L25="","",IF(L25="ниже тренда","возможное ослабление интереса",IF(L25="выше тренда","возможная фаза повышенного интереса","без выраженного отклонения"))) | N25: =IF(G25="","",COUNT($G$5:G25)) -> 21
A26: =IF(Ввод_данных!A26="","",Ввод_данных!A26) -> 46174 | B26: =IF(A26="","",MONTH(A26)) -> 6 | C26: =IF(A26="","",CHOOSE(MONTH(A26),"январь","февраль","март","апрель","май","июнь","июль","август","сентябрь","октябрь","ноябрь","декабрь")) -> июнь | D26: =IF(Ввод_данных!C26="","",Ввод_данных!C26) -> 0 | E26: =IF(Ввод_данных!D26="","",Ввод_данных!D26) | F26: =IF(E26="","",IF(MAX($E$5:$E$64)=0,"",E26/MAX($E$5:$E$64)*100)) | G26: =IF(COUNT(D26,F26)=0,"",IF(COUNT(D26,F26)=2,D26*Настройки!$B$4+F26*Настройки!$B$5,IF(D26<>"",D26,F26))) -> 0 | H26: =IF(OR(G26="",COUNT($G$5:G26)<12),"",AVERAGE(G15:G26)) -> 11.995833 | I26: =IF(OR(G26="",H26="",H26=0),"",G26/H26) -> 0 | J26: =IF(OR(G26="",N(IFERROR(VLOOKUP(B26,Сезонность!$A$4:$D$15,4,FALSE),0))=0),"",G26/IFERROR(VLOOKUP(B26,Сезонность!$A$4:$D$15,4,FALSE),1)) | K26: =IF(OR(G26="",H26="",H26=0,N(IFERROR(VLOOKUP(B26,Сезонность!$A$4:$D$15,4,FALSE),0))=0),"",G26/(H26*IFERROR(VLOOKUP(B26,Сезонность!$A$4:$D$15,4,FALSE),1))) | L26: =IF(K26="","",IF(K26<Настройки!$B$11,"ниже тренда",IF(K26>Настройки!$B$12,"выше тренда","норма"))) | M26: =IF(L26="","",IF(L26="ниже тренда","возможное ослабление интереса",IF(L26="выше тренда","возможная фаза повышенного интереса","без выраженного отклонения"))) | N26: =IF(G26="","",COUNT($G$5:G26)) -> 22
A27: =IF(Ввод_данных!A27="","",Ввод_данных!A27) -> 46204 | B27: =IF(A27="","",MONTH(A27)) -> 7 | C27: =IF(A27="","",CHOOSE(MONTH(A27),"январь","февраль","март","апрель","май","июнь","июль","август","сентябрь","октябрь","ноябрь","декабрь")) -> июль | D27: =IF(Ввод_данных!C27="","",Ввод_данных!C27) -> 0 | E27: =IF(Ввод_данных!D27="","",Ввод_данных!D27) | F27: =IF(E27="","",IF(MAX($E$5:$E$64)=0,"",E27/MAX($E$5:$E$64)*100)) | G27: =IF(COUNT(D27,F27)=0,"",IF(COUNT(D27,F27)=2,D27*Настройки!$B$4+F27*Настройки!$B$5,IF(D27<>"",D27,F27))) -> 0 | H27: =IF(OR(G27="",COUNT($G$5:G27)<12),"",AVERAGE(G16:G27)) -> 11.995833 | I27: =IF(OR(G27="",H27="",H27=0),"",G27/H27) -> 0 | J27: =IF(OR(G27="",N(IFERROR(VLOOKUP(B27,Сезонность!$A$4:$D$15,4,FALSE),0))=0),"",G27/IFERROR(VLOOKUP(B27,Сезонность!$A$4:$D$15,4,FALSE),1)) | K27: =IF(OR(G27="",H27="",H27=0,N(IFERROR(VLOOKUP(B27,Сезонность!$A$4:$D$15,4,FALSE),0))=0),"",G27/(H27*IFERROR(VLOOKUP(B27,Сезонность!$A$4:$D$15,4,FALSE),1))) | L27: =IF(K27="","",IF(K27<Настройки!$B$11,"ниже тренда",IF(K27>Настройки!$B$12,"выше тренда","норма"))) | M27: =IF(L27="","",IF(L27="ниже тренда","возможное ослабление интереса",IF(L27="выше тренда","возможная фаза повышенного интереса","без выраженного отклонения"))) | N27: =IF(G27="","",COUNT($G$5:G27)) -> 23
... A64: =IF(Ввод_данных!A64="","",Ввод_данных!A64) | B64: =IF(A64="","",MONTH(A64)) | C64: =IF(A64="","",CHOOSE(MONTH(A64),"январь","февраль","март","апрель","май","июнь","июль","август","сентябрь","октябрь","ноябрь","декабрь")) | D64: =IF(Ввод_данных!C64="","",Ввод_данных!C64) | E64: =IF(Ввод_данных!D64="","",Ввод_данных!D64) | F64: =IF(E64="","",IF(MAX($E$5:$E$64)=0,"",E64/MAX($E$5:$E$64)*100)) | G64: =IF(COUNT(D64,F64)=0,"",IF(COUNT(D64,F64)=2,D64*Настройки!$B$4+F64*Настройки!$B$5,IF(D64<>"",D64,F64))) | H64: =IF(OR(G64="",COUNT($G$5:G64)<12),"",AVERAGE(G53:G64)) | I64: =IF(OR(G64="",H64="",H64=0),"",G64/H64) | J64: =IF(OR(G64="",N(IFERROR(VLOOKUP(B64,Сезонность!$A$4:$D$15,4,FALSE),0))=0),"",G64/IFERROR(VLOOKUP(B64,Сезонность!$A$4:$D$15,4,FALSE),1)) | K64: =IF(OR(G64="",H64="",H64=0,N(IFERROR(VLOOKUP(B64,Сезонность!$A$4:$D$15,4,FALSE),0))=0),"",G64/(H64*IFERROR(VLOOKUP(B64,Сезонность!$A$4:$D$15,4,FALSE),1))) | L64: =IF(K64="","",IF(K64<Настройки!$B$11,"ниже тренда",IF(K64>Настройки!$B$12,"выше тренда","норма"))) | M64: =IF(L64="","",IF(L64="ниже тренда","возможное ослабление интереса",IF(L64="выше тренда","возможная фаза повышенного интереса","без выраженного отклонения"))) | N64: =IF(G64="","",COUNT($G$5:G64))

Sheet Сезонность
A1: Расчет сезонных индексов по месяцам
A3: Месяц № | B3: Месяц | C3: Средний Y/T | D3: Сезонный индекс | E3: Отклонение от среднего | F3: Интерпретация
A4: 1 | B4: январь | C4: =IFERROR(SUMIFS(Расчет!$I$5:$I$64,Расчет!$B$5:$B$64,A4)/COUNTIFS(Расчет!$B$5:$B$64,A4,Расчет!$I$5:$I$64,">0"),"") | D4: =IF(C4="","",C4/AVERAGE($C$4:$C$15)) | E4: =IF(D4="","",D4-1) | F4: =IF(D4="","",IF(D4>1.1,"сезонный максимум",IF(D4<0.9,"сезонный минимум","средний сезонный уровень")))
A5: 2 | B5: февраль | C5: =IFERROR(SUMIFS(Расчет!$I$5:$I$64,Расчет!$B$5:$B$64,A5)/COUNTIFS(Расчет!$B$5:$B$64,A5,Расчет!$I$5:$I$64,">0"),"") -> 1.4416297 | D5: =IF(C5="","",C5/AVERAGE($C$4:$C$15)) -> 0.94902747 | E5: =IF(D5="","",D5-1) -> -0.050972531 | F5: =IF(D5="","",IF(D5>1.1,"сезонный максимум",IF(D5<0.9,"сезонный минимум","средний сезонный уровень"))) -> средний сезонный уровень
A6: 3 | B6: март | C6: =IFERROR(SUMIFS(Расчет!$I$5:$I$64,Расчет!$B$5:$B$64,A6)/COUNTIFS(Расчет!$B$5:$B$64,A6,Расчет!$I$5:$I$64,">0"),"") -> 0.66421915 | D6: =IF(C6="","",C6/AVERAGE($C$4:$C$15)) -> 0.43725669 | E6: =IF(D6="","",D6-1) -> -0.56274331 | F6: =IF(D6="","",IF(D6>1.1,"сезонный максимум",IF(D6<0.9,"сезонный минимум","средний сезонный уровень"))) -> сезонный минимум
A7: 4 | B7: апрель | C7: =IFERROR(SUMIFS(Расчет!$I$5:$I$64,Расчет!$B$5:$B$64,A7)/COUNTIFS(Расчет!$B$5:$B$64,A7,Расчет!$I$5:$I$64,">0"),"") -> 0.98029046 | D7: =IF(C7="","",C7/AVERAGE($C$4:$C$15)) -> 0.64532702 | E7: =IF(D7="","",D7-1) -> -0.35467298 | F7: =IF(D7="","",IF(D7>1.1,"сезонный максимум",IF(D7<0.9,"сезонный минимум","средний сезонный уровень"))) -> сезонный минимум
A8: 5 | B8: май | C8: =IFERROR(SUMIFS(Расчет!$I$5:$I$64,Расчет!$B$5:$B$64,A8)/COUNTIFS(Расчет!$B$5:$B$64,A8,Расчет!$I$5:$I$64,">0"),"") | D8: =IF(C8="","",C8/AVERAGE($C$4:$C$15)) | E8: =IF(D8="","",D8-1) | F8: =IF(D8="","",IF(D8>1.1,"сезонный максимум",IF(D8<0.9,"сезонный минимум","средний сезонный уровень")))
A9: 6 | B9: июнь | C9: =IFERROR(SUMIFS(Расчет!$I$5:$I$64,Расчет!$B$5:$B$64,A9)/COUNTIFS(Расчет!$B$5:$B$64,A9,Расчет!$I$5:$I$64,">0"),"") | D9: =IF(C9="","",C9/AVERAGE($C$4:$C$15)) | E9: =IF(D9="","",D9-1) | F9: =IF(D9="","",IF(D9>1.1,"сезонный максимум",IF(D9<0.9,"сезонный минимум","средний сезонный уровень")))
A10: 7 | B10: июль | C10: =IFERROR(SUMIFS(Расчет!$I$5:$I$64,Расчет!$B$5:$B$64,A10)/COUNTIFS(Расчет!$B$5:$B$64,A10,Расчет!$I$5:$I$64,">0"),"") | D10: =IF(C10="","",C10/AVERAGE($C$4:$C$15)) | E10: =IF(D10="","",D10-1) | F10: =IF(D10="","",IF(D10>1.1,"сезонный максимум",IF(D10<0.9,"сезонный минимум","средний сезонный уровень")))
A11: 8 | B11: август | C11: =IFERROR(SUMIFS(Расчет!$I$5:$I$64,Расчет!$B$5:$B$64,A11)/COUNTIFS(Расчет!$B$5:$B$64,A11,Расчет!$I$5:$I$64,">0"),"") | D11: =IF(C11="","",C11/AVERAGE($C$4:$C$15)) | E11: =IF(D11="","",D11-1) | F11: =IF(D11="","",IF(D11>1.1,"сезонный максимум",IF(D11<0.9,"сезонный минимум","средний сезонный уровень")))
A12: 9 | B12: сентябрь | C12: =IFERROR(SUMIFS(Расчет!$I$5:$I$64,Расчет!$B$5:$B$64,A12)/COUNTIFS(Расчет!$B$5:$B$64,A12,Расчет!$I$5:$I$64,">0"),"") | D12: =IF(C12="","",C12/AVERAGE($C$4:$C$15)) | E12: =IF(D12="","",D12-1) | F12: =IF(D12="","",IF(D12>1.1,"сезонный максимум",IF(D12<0.9,"сезонный минимум","средний сезонный уровень")))
A13: 10 | B13: октябрь | C13: =IFERROR(SUMIFS(Расчет!$I$5:$I$64,Расчет!$B$5:$B$64,A13)/COUNTIFS(Расчет!$B$5:$B$64,A13,Расчет!$I$5:$I$64,">0"),"") -> 1.4428243 | D13: =IF(C13="","",C13/AVERAGE($C$4:$C$15)) -> 0.94981387 | E13: =IF(D13="","",D13-1) -> -0.050186135 | F13: =IF(D13="","",IF(D13>1.1,"сезонный максимум",IF(D13<0.9,"сезонный минимум","средний сезонный уровень"))) -> средний сезонный уровень
A14: 11 | B14: ноябрь | C14: =IFERROR(SUMIFS(Расчет!$I$5:$I$64,Расчет!$B$5:$B$64,A14)/COUNTIFS(Расчет!$B$5:$B$64,A14,Расчет!$I$5:$I$64,">0"),"") -> 1.1075817 | D14: =IF(C14="","",C14/AVERAGE($C$4:$C$15)) -> 0.72912305 | E14: =IF(D14="","",D14-1) -> -0.27087695 | F14: =IF(D14="","",IF(D14>1.1,"сезонный максимум",IF(D14<0.9,"сезонный минимум","средний сезонный уровень"))) -> сезонный минимум
A15: 12 | B15: декабрь | C15: =IFERROR(SUMIFS(Расчет!$I$5:$I$64,Расчет!$B$5:$B$64,A15)/COUNTIFS(Расчет!$B$5:$B$64,A15,Расчет!$I$5:$I$64,">0"),"") -> 3.4778148 | D15: =IF(C15="","",C15/AVERAGE($C$4:$C$15)) -> 2.2894519 | E15: =IF(D15="","",D15-1) -> 1.2894519 | F15: =IF(D15="","",IF(D15>1.1,"сезонный максимум",IF(D15<0.9,"сезонный минимум","средний сезонный уровень"))) -> сезонный максимум
A18: Показатель | B18: Значение
A19: Максимальный сезонный индекс | B19: =MAX($D$4:$D$15) -> 2.2894519
A20: Минимальный сезонный индекс | B20: =MIN($D$4:$D$15) -> 0.43725669
A21: Амплитуда сезонности | B21: =B19-B20 -> 1.8521952
A22: Оценка силы сезонности | B22: =IF(B21>=Настройки!$B$7,"выраженная сезонность",IF(B21>=Настройки!$B$8,"умеренная сезонность","слабая сезонность")) -> выраженная сезонность
A23: Месяц максимума | B23: =IFERROR(INDEX($B$4:$B$15,MATCH(B19,$D$4:$D$15,0)),"") -> декабрь
A24: Месяц минимума | B24: =IFERROR(INDEX($B$4:$B$15,MATCH(B20,$D$4:$D$15,0)),"") -> март

Sheet Оценка_тренда
A1: Оценка устойчивой динамики интереса
A3: Показатель | B3: Формула / значение | C3: Интерпретация | D3: Комментарий
A4: Количество наблюдений | B4: =COUNT(Расчет!$G$5:$G$64) -> 24 | C4: минимально желательно не менее 24 месяцев | D4: чем длиннее ряд, тем надежнее оценка
A5: Средний индекс за первые 12 месяцев | B5: =IF(B4<12,"",SUMIFS(Расчет!$G$5:$G$64,Расчет!$N$5:$N$64,">=1",Расчет!$N$5:$N$64,"<=12")/COUNTIFS(Расчет!$N$5:$N$64,">=1",Расчет!$N$5:$N$64,"<=12")) -> 21.325 | C5: исходный уровень интереса | D5: используется для сравнения с последним годом
A6: Средний индекс за последние 12 месяцев | B6: =IF(B4<12,"",SUMIFS(Расчет!$G$5:$G$64,Расчет!$N$5:$N$64,">="&B4-11,Расчет!$N$5:$N$64,"<="&B4)/COUNTIFS(Расчет!$N$5:$N$64,">="&B4-11,Расчет!$N$5:$N$64,"<="&B4)) -> 11.995833 | C6: текущий уровень интереса | D6: сравнивается с первым годом
A7: Абсолютное изменение | B7: =IF(OR(B5="",B6=""),"",B6-B5) -> -9.3291667 | C7: последние 12 месяцев минус первые 12 месяцев | D7: положительное значение означает рост
A8: Относительное изменение | B8: =IF(OR(B5="",B6=""),"",B7/B5) -> -0.43747558 | C8: темп изменения среднего уровня | D8: ключевой показатель тренда
A9: Наклон линейного тренда | B9: =IFERROR(SLOPE(Расчет!$G$5:$G$64,Расчет!$N$5:$N$64),"") -> -1.2945435 | C9: среднее изменение за месяц | D9: дополнительная оценка направления
A10: Классификация тренда | B10: =IF(B8="","",IF(B8>=Настройки!$B$10,"растущий тренд",IF(B8<=Настройки!$B$9,"снижающийся тренд","стабильный тренд"))) -> снижающийся тренд | C10: растущий / стабильный / снижающийся | D10: по порогам на листе «Настройки»
A11: Управленческий вывод | B11: =IF(B10="","Недостаточно данных",IF(B10="растущий тренд","Интерес аудитории растет; бизнес-идея может быть дополнительно проверена на платежеспособный спрос.",IF(B10="снижающийся тренд","Интерес аудитории снижается; требуется осторожная проверка ниши, сегмента и каналов продвижения.","Интерес аудитории относительно стабилен; целесообразно изучить структуру спроса, конкурентов и целевые сегменты."))) -> Интерес аудитории снижается; требуется осторожная проверка ниши, сегмента и каналов продвижения. | C11: готовая формулировка для отчета | D11: используется в обосновании бизнес-идеи

Sheet Деловые_циклы
A1: Оценка циклических отклонений и фаз спроса
A2: Важно: данные Google Trends и Яндекс Вордстат не измеряют макроэкономический деловой цикл напрямую. В таблице оценивается поисковый цикл спроса: периоды, когда интерес находится выше или ниже трендово-сезонного уровня.
A4: Показатель | B4: Значение
A5: Последний период | B5: =IFERROR(INDEX(Расчет!$A$5:$A$64,Оценка_тренда!$B$4),"") -> 46235
A6: Текущий циклический коэффициент | B6: =IFERROR(INDEX(Расчет!$K$5:$K$64,Оценка_тренда!$B$4),"")
A7: Текущая фаза | B7: =IFERROR(INDEX(Расчет!$L$5:$L$64,Оценка_тренда!$B$4),"")
A8: Минимальный коэффициент | B8: =MIN(Расчет!$K$5:$K$64) -> 1.51906
A9: Максимальный коэффициент | B9: =MAX(Расчет!$K$5:$K$64) -> 1.51906
A10: Амплитуда циклических колебаний | B10: =B9-B8 -> 0
A13: Период | B13: Сводный индекс | C13: Тренд | D13: Сезонный индекс | E13: Сезонно очищенный индекс | F13: Циклический коэффициент | G13: Фаза | H13: Практическое значение
A14: =Расчет!A5 -> 45536 | B14: =Расчет!G5 -> 55.2 | C14: =Расчет!H5 | D14: =IFERROR(VLOOKUP(Расчет!B5,Сезонность!$A$4:$D$15,4,FALSE),"") | E14: =Расчет!J5 | F14: =Расчет!K5 | G14: =Расчет!L5 | H14: =IF(G14="","",IF(G14="ниже тренда","период осторожного планирования продаж и бюджета",IF(G14="выше тренда","период активизации продвижения и продаж","обычный режим анализа спроса")))
A15: =Расчет!A6 -> 45566 | B15: =Расчет!G6 -> 28.75 | C15: =Расчет!H6 | D15: =IFERROR(VLOOKUP(Расчет!B6,Сезонность!$A$4:$D$15,4,FALSE),"") -> 0.94981387 | E15: =Расчет!J6 -> 30.269089 | F15: =Расчет!K6 | G15: =Расчет!L6 | H15: =IF(G15="","",IF(G15="ниже тренда","период осторожного планирования продаж и бюджета",IF(G15="выше тренда","период активизации продвижения и продаж","обычный режим анализа спроса")))
A16: =Расчет!A7 -> 45597 | B16: =Расчет!G7 -> 44 | C16: =Расчет!H7 | D16: =IFERROR(VLOOKUP(Расчет!B7,Сезонность!$A$4:$D$15,4,FALSE),"") -> 0.72912305 | E16: =Расчет!J7 -> 60.346467 | F16: =Расчет!K7 | G16: =Расчет!L7 | H16: =IF(G16="","",IF(G16="ниже тренда","период осторожного планирования продаж и бюджета",IF(G16="выше тренда","период активизации продвижения и продаж","обычный режим анализа спроса")))
A17: =Расчет!A8 -> 45627 | B17: =Расчет!G8 -> 28.4 | C17: =Расчет!H8 | D17: =IFERROR(VLOOKUP(Расчет!B8,Сезонность!$A$4:$D$15,4,FALSE),"") -> 2.2894519 | E17: =Расчет!J8 -> 12.404716 | F17: =Расчет!K8 | G17: =Расчет!L8 | H17: =IF(G17="","",IF(G17="ниже тренда","период осторожного планирования продаж и бюджета",IF(G17="выше тренда","период активизации продвижения и продаж","обычный режим анализа спроса")))
A18: =Расчет!A9 -> 45658 | B18: =Расчет!G9 -> 10.75 | C18: =Расчет!H9 | D18: =IFERROR(VLOOKUP(Расчет!B9,Сезонность!$A$4:$D$15,4,FALSE),"") | E18: =Расчет!J9 | F18: =Расчет!K9 | G18: =Расчет!L9 | H18: =IF(G18="","",IF(G18="ниже тренда","период осторожного планирования продаж и бюджета",IF(G18="выше тренда","период активизации продвижения и продаж","обычный режим анализа спроса")))
A19: =Расчет!A10 -> 45689 | B19: =Расчет!G10 -> 15.75 | C19: =Расчет!H10 | D19: =IFERROR(VLOOKUP(Расчет!B10,Сезонность!$A$4:$D$15,4,FALSE),"") -> 0.94902747 | E19: =Расчет!J10 -> 16.595937 | F19: =Расчет!K10 | G19: =Расчет!L10 | H19: =IF(G19="","",IF(G19="ниже тренда","период осторожного планирования продаж и бюджета",IF(G19="выше тренда","период активизации продвижения и продаж","обычный режим анализа спроса")))
A20: =Расчет!A11 -> 45717 | B20: =Расчет!G11 -> 24.2 | C20: =Расчет!H11 | D20: =IFERROR(VLOOKUP(Расчет!B11,Сезонность!$A$4:$D$15,4,FALSE),"") -> 0.43725669 | E20: =Расчет!J11 -> 55.345065 | F20: =Расчет!K11 | G20: =Расчет!L11 | H20: =IF(G20="","",IF(G20="ниже тренда","период осторожного планирования продаж и бюджета",IF(G20="выше тренда","период активизации продвижения и продаж","обычный режим анализа спроса")))
A21: =Расчет!A12 -> 45748 | B21: =Расчет!G12 -> 0 | C21: =Расчет!H12 | D21: =IFERROR(VLOOKUP(Расчет!B12,Сезонность!$A$4:$D$15,4,FALSE),"") -> 0.64532702 | E21: =Расчет!J12 -> 0 | F21: =Расчет!K12 | G21: =Расчет!L12 | H21: =IF(G21="","",IF(G21="ниже тренда","период осторожного планирования продаж и бюджета",IF(G21="выше тренда","период активизации продвижения и продаж","обычный режим анализа спроса")))
A22: =Расчет!A13 -> 45778 | B22: =Расчет!G13 -> 34.25 | C22: =Расчет!H13 | D22: =IFERROR(VLOOKUP(Расчет!B13,Сезонность!$A$4:$D$15,4,FALSE),"") | E22: =Расчет!J13 | F22: =Расчет!K13 | G22: =Расчет!L13 | H22: =IF(G22="","",IF(G22="ниже тренда","период осторожного планирования продаж и бюджета",IF(G22="выше тренда","период активизации продвижения и продаж","обычный режим анализа спроса")))
A23: =Расчет!A14 -> 45809 | B23: =Расчет!G14 -> 14.6 | C23: =Расчет!H14 | D23: =IFERROR(VLOOKUP(Расчет!B14,Сезонность!$A$4:$D$15,4,FALSE),"") | E23: =Расчет!J14 | F23: =Расчет!K14 | G23: =Расчет!L14 | H23: =IF(G23="","",IF(G23="ниже тренда","период осторожного планирования продаж и бюджета",IF(G23="выше тренда","период активизации продвижения и продаж","обычный режим анализа спроса")))
A24: =Расчет!A15 -> 45839 | B24: =Расчет!G15 -> 0 | C24: =Расчет!H15 | D24: =IFERROR(VLOOKUP(Расчет!B15,Сезонность!$A$4:$D$15,4,FALSE),"") | E24: =Расчет!J15 | F24: =Расчет!K15 | G24: =Расчет!L15 | H24: =IF(G24="","",IF(G24="ниже тренда","период осторожного планирования продаж и бюджета",IF(G24="выше тренда","период активизации продвижения и продаж","обычный режим анализа спроса")))
A25: =Расчет!A16 -> 45870 | B25: =Расчет!G16 -> 0 | C25: =Расчет!H16 -> 21.325 | D25: =IFERROR(VLOOKUP(Расчет!B16,Сезонность!$A$4:$D$15,4,FALSE),"") | E25: =Расчет!J16 | F25: =Расчет!K16 | G25: =Расчет!L16 | H25: =IF(G25="","",IF(G25="ниже тренда","период осторожного планирования продаж и бюджета",IF(G25="выше тренда","период активизации продвижения и продаж","обычный режим анализа спроса")))
... A73: =Расчет!A64 | B73: =Расчет!G64 | C73: =Расчет!H64 | D73: =IFERROR(VLOOKUP(Расчет!B64,Сезонность!$A$4:$D$15,4,FALSE),"") | E73: =Расчет!J64 | F73: =Расчет!K64 | G73: =Расчет!L64 | H73: =IF(G73="","",IF(G73="ниже тренда","период осторожного планирования продаж и бюджета",IF(G73="выше тренда","период активизации продвижения и продаж","обычный режим анализа спроса")))

Sheet Журнал_выгрузки
A1: Журнал выгрузки исходных данных
A3: Дата выгрузки | B3: Источник | C3: Запрос / кластер | D3: Регион | E3: Период | F3: Формат файла | G3: Имя файла | H3: Примечание
A4: 29.09.2026 | B4: Google Trends | C4: UML; BPMN | D4: Беларусь | E4: 2021-09–2026-09 (5 лет, неделя) | F4: JSON | G4: GT_2026-09-29_BY_5y_packet6_UML_BPMN_monthly.json | H4: Главный ряд, сопоставлен с Вордстатом. Месяцев с данными: UML – 47 из 61, BPMN – 37 из 61 (остальные – «недостаточно данных»). Сохранён помесячный свод; недельные значения не сохранены
A5: 29.09.2026 | B5: Google Trends | C5: PlantUML; Mermaid; diagram as code; text to diagram; UML diagram generator | D5: Беларусь | E5: 2021-09–2026-09 (5 лет, неделя) | F5: JSON | G5: GT_2026-09-29_BY_5y_packet1_time.json | H5: Пакет 1 ядра; почти нулевые данные; сохранены все 262 недели
A6: 29.09.2026 | B6: Google Trends | C6: draw.io; diagrams.net; Lucidchart; BPMN; ERD tool | D6: Беларусь | E6: 2021-09–2026-09 (5 лет, неделя) | F6: JSON | G6: GT_2026-09-29_BY_5y_packet2_time.json | H6: Пакет 2 ядра; сохранены только ненулевые недели (69 из 262), остальные недели = 0
A7: 29.09.2026 | B7: Google Trends | C7: Miro; diagramming tool; flowchart maker; Figma; Visual Paradigm | D7: Беларусь | E7: 2021-09–2026-09 (5 лет, неделя) | F7: JSON | G7: GT_2026-09-29_BY_5y_packet5_time_monthly.json | H7: Пакет 5 (доп.), смежные визуальные инструменты; сохранён помесячный свод, недельные значения не сохранены
A8: 29.09.2026 | B8: Google Trends | C8: BPMN | D8: Беларусь | E8: 2025-09–2026-10 (12 мес.) + регионы + похожие | F8: JSON | G8: GT_2026-09-29_BY_12m_BPMN_time_regions_related.json | H8: Регионы и похожие запросы BPMN
A9: 29.09.2026 | B9: Google Trends | C9: PlantUML; Mermaid; ... | D9: весь мир | E9: 2021-09–2026-09 (5 лет, неделя) | F9: JSON | G9: GT_2026-09-29_world_5y_packet1_monthly.json | H9: Справочный мировой ряд Mermaid; сохранён помесячный свод. Пик мая–июня 2023 г. – омонимия (фильм «Русалочка»), вывод о росте категории «diagram as code» по ряду не делается
A10: 29.09.2026 | B10: Яндекс Вордстат | C10: uml | D10: Беларусь (id=149) | E10: 2024-09–2026-08 (24 мес., по месяцам) | F10: JSON | G10: wordstat_uml_dinamika_RB_2024-09_2026-08.json | H10: Динамика по месяцам; данные сняты с авторизацией в Яндекс ID
A11: 29.09.2026 | B11: Яндекс Вордстат | C11: bpmn | D11: Беларусь (id=149) | E11: 2024-09–2026-08 (24 мес., по месяцам) | F11: JSON | G11: wordstat_bpmn_dinamika_RB_2024-09_2026-08.json | H11: Динамика по месяцам; данные сняты с авторизацией в Яндекс ID
A12: 29.09.2026 | B12: Яндекс Вордстат | C12: uml; bpmn; plantuml; idef0; dfd; erd; сеть петри; mermaid | D12: Беларусь (id=149) | E12: Топы запросов, 25.08-23.09.2026 | F12: скриншоты+таблица | G12: СВОДКА_реальных_данных_Wordstat.md | H12: Частотность за месяц; mermaid без уточнения = омоним (фильм)
A13: 29.09.2026 | B13: Яндекс Вордстат | C13: uml | D13: мир/СНГ (особенность интерфейса) | E13: 25.08-23.09.2026 | F13: - | G13: - | H13: Регионы: Беларусь 513 запросов, индекс 127,61; Минск 372, индекс 194,99
A14: 29.09.2026 | B14: Similarweb | C14: plantuml.com | D14: - | E14: последние 3 мес. | F14: веб | G14: - | H14: 507K visits, Россия 9,07% - подтверждено
... A32: 30.09.2026 | B32: Яндекс Вордстат | C32: коммерческие, проблемные, сегментные, географические, обучающие формулировки | D32: Беларусь (id=149) | E32: Топы, 29.08-29.09.2026 | F32: JSON | G32: wordstat_topy_kommercheskie_problemnye_segmentnye_geo_RB_okno_2026-08-29_09-29.json | H32: Из 5 коммерческих формулировок ядра запросов нет ни по одной; «uml купить» – 5; «bpmn курсы» – 17; «uml курс», «bpmn обучение» – 0
A34: Примечание | B34: Вариант для сравнения: только Google Trends (колонка Вордстата на листе Ввод_данных очищена), сводный индекс G = GT. Исправлена поломка шаблона в Расчет!J5:K64: условие IFERROR(VLOOKUP(...),0)=0 заменено на N(IFERROR(VLOOKUP(...),0))=0 (при пустом сезонном индексе формулы давали #ЗНАЧ!)

Sheet Методика_и_источники
A1: Методика использования файла и источники
A3: Раздел | B3: Содержание | C3: Практическое действие | D3: Результат | E3: Ограничение | F3: Источник
A4: 1. Сбор данных | B4: Выгрузить данные из Google Trends и Яндекс Вордстат за одинаковый период и одну территорию. | C4: Зафиксировать регион, период, запросы, категорию и тип поиска. | D4: Сопоставимый временной ряд. | E4: Разные источники отражают разные аудитории. | F4: https://support.google.com/trends/answer/4365538?hl=en
A5: 2. Нормирование | B5: Google Trends уже представлен как индекс 0–100; Вордстат нормируется относительно максимума в выбранном ряду. | C5: Ввести фактические значения на лист «Ввод_данных». | D5: Сводный индекс интереса. | E5: Нормирование не превращает поисковый интерес в размер рынка. | F5: https://support.google.com/trends/answer/4365533?hl=en
A6: 3. Тренд | B6: Тренд оценивается через средние значения и скользящее среднее за 12 месяцев. | C6: Смотреть лист «Оценка_тренда». | D6: Рост, стабильность или снижение интереса. | E6: Короткие ряды менее надежны.
A7: 4. Сезонность | B7: Сезонный индекс показывает, в какие месяцы интерес выше или ниже среднего трендового уровня. | C7: Смотреть лист «Сезонность». | D7: Месяцы максимального и минимального спроса. | E7: Сезонность корректнее оценивать по данным за 2–3 года и более.
A8: 5. Циклы спроса | B8: Циклический коэффициент показывает отклонение от тренда с учетом сезонности. | C8: Смотреть лист «Деловые_циклы». | D8: Периоды выше или ниже нормального уровня спроса. | E8: Это поисковый цикл спроса, а не прямое измерение макроэкономического делового цикла.
A9: 6. Яндекс Вордстат | B9: Вордстат показывает статистику поисковых запросов к Яндексу, динамику популярности и региональные различия. | C9: Использовать одинаковые запросы и географические настройки. | D9: Оценка интереса аудитории Яндекса. | E9: Не отражает весь интернет-рынок. | F9: https://wordstat.yandex.ru/

Sheet Настройки
A1: Настройки модели оценки тренда, сезонности и циклов
A3: Параметр | B3: Значение | C3: Назначение | D3: Рекомендация
A4: Вес Google Trends | B4: 0.5 | C4: Доля индекса Google Trends в сводном индексе | D4: 0,40–0,60
A5: Вес Яндекс Вордстат | B5: 0.5 | C5: Доля нормированного показателя Вордстат в сводном индексе | D5: 0,40–0,60
A6: Окно скользящего среднего, мес. | B6: 12 | C6: Период сглаживания для оценки тренда | D6: 12 месяцев
A7: Порог сильной сезонности | B7: 0.3 | C7: Амплитуда сезонных индексов, при которой сезонность считается выраженной | D7: 0,25–0,35
A8: Порог слабой сезонности | B8: 0.15 | C8: Амплитуда сезонных индексов для умеренной сезонности | D8: 0,10–0,20
A9: Порог снижения тренда | B9: -0.15 | C9: Граница для классификации снижающегося тренда | D9: -15%
A10: Порог роста тренда | B10: 0.15 | C10: Граница для классификации растущего тренда | D10: +15%
A11: Нижний порог цикла | B11: 0.9 | C11: Ниже этого значения спрос считается ниже трендового уровня | D11: 0,90
A12: Верхний порог цикла | B12: 1.1 | C12: Выше этого значения спрос считается выше трендового уровня | D12: 1,10
