Workbook

Sheet Панель
A1: Панель оценки тренда, сезонности и циклов спроса
A3: Файл предназначен для анализа интереса аудитории на основе выгрузок из Google Trends и Яндекс Вордстат. Заполните лист «Ввод_данных», после чего показатели на этой панели обновятся автоматически
A5: Блок | B5: Показатель | C5: Значение | D5: Как использовать
A6: Данные | B6: Количество месяцев | C6: =Оценка_тренда!B4 | D6: проверка достаточности ряда
A7: Тренд | B7: Классификация тренда | C7: =Оценка_тренда!B10 | D7: основа вывода о росте или снижении интереса
A8: Тренд | B8: Изменение последних 12 мес. к первым 12 мес | C8: =Оценка_тренда!B8 | D8: оценка силы изменения
A9: Сезонность | B9: Сила сезонности | C9: =Сезонность!B22 | D9: нужна для планирования месяцев продвижения
A10: Сезонность | B10: Месяц максимума | C10: =Сезонность!B23 | D10: период вероятного повышения интереса
A11: Сезонность | B11: Месяц минимума | C11: =Сезонность!B24 | D11: период вероятного снижения интереса
A12: Циклы | B12: Текущая фаза | C12: =Деловые_циклы!B7 | D12: оценка текущего состояния спроса относительно нормы
A13: Циклы | B13: Текущий коэффициент | C13: =Деловые_циклы!B6 | D13: значение выше 1 означает спрос выше трендово-сезонного уровня
A16: Итоговая формулировка для отчета
A17: =Оценка_тренда!B11&" Сезонность: "&Сезонность!B22&"; максимум интереса — "&Сезонность!B23&", минимум — "&Сезонность!B24&". Текущая фаза спроса: "&Деловые_циклы!B7&"."

Sheet Ввод_данных
A1: Ввод данных из Google Trends и Яндекс Вордстат
A2: Заполните строки по месяцам. Google Trends вводится как индекс 0–100. Яндекс Вордстат вводится как абсолютное число запросов по выбранному семантическому кластеру. В демонстрационном примере приведены условные данные для бизнеса на основе компетенции «маркетинг»
A4: Период | B4: Кластер запросов | C4: Google Trends, 0–100 | D4: Яндекс Вордстат, запросов | E4: Регион / рынок | F4: Комментарий
A5: 45536 | B5: plantuml | D5: 191 | E5: Беларусь
A6: 45566 | B6: plantuml | D6: 434 | E6: Беларусь
A7: 45597 | B7: plantuml | D7: 385 | E7: Беларусь
A8: 45627 | B8: plantuml | D8: 352 | E8: Беларусь
A9: 45658 | B9: plantuml | D9: 217 | E9: Беларусь
A10: 45689 | B10: plantuml | D10: 368 | E10: Беларусь
A11: 45717 | B11: plantuml | D11: 467 | E11: Беларусь
A12: 45748 | B12: plantuml | D12: 449 | E12: Беларусь
A13: 45778 | B13: plantuml | D13: 605 | E13: Беларусь
A14: 45809 | B14: plantuml | D14: 493 | E14: Беларусь
A15: 45839 | B15: plantuml | D15: 231 | E15: Беларусь
A16: 45870 | B16: plantuml | D16: 176 | E16: Беларусь
... A28: 46235 | B28: plantuml | D28: 84 | E28: Беларусь

Sheet Расчет
A1: Расчет тренда, сезонности и циклических отклонений
A2: Расчет построен по мультипликативной логике: наблюдаемый интерес = тренд × сезонность × циклическое отклонение × случайные колебания. Для практической оценки используются скользящее среднее, сезонные индексы и коэффициент отклонения от трендово-сезонного уровня
A4: Период | B4: Месяц № | C4: Месяц | D4: Google Trends | E4: Вордстат | F4: Вордстат норм. 0–100 | G4: Сводный индекс | H4: Тренд: скользящее среднее 12 мес | I4: Y/T | J4: Сезонно очищенный индекс | K4: Циклический коэффициент | L4: Фаза цикла | M4: Комментарий | N4: Порядковый №
A5: =IF(Ввод_данных!A5="","",Ввод_данных!A5) | B5: =IF(A5="","",MONTH(A5)) | C5: =IF(A5="","",CHOOSE(MONTH(A5),"январь","февраль","март","апрель","май","июнь","июль","август","сентябрь","октябрь","ноябрь","декабрь")) | D5: =IF(Ввод_данных!C5="","",Ввод_данных!C5) | E5: =IF(Ввод_данных!D5="","",Ввод_данных!D5) | F5: =IF(E5="","",IF(MAX($E5 у.е.:$E6 у.е.4)=0,"",E5/MAX($E5 у.е.:$E6 у.е.4)*100)) | G5: =IF(COUNT(D5,F5)=0,"",IF(COUNT(D5,F5)=2,D5*Настройки!$B4 у.е.+F5*Настройки!$B5 у.е.,IF(D5<>"",D5,F5))) | H5: =IF(OR(G5="",COUNT($G5 у.е.:G5)<12),"","") | I5: =IF(OR(G5="",H5="",H5=0),"",G5/H5) | J5: =IF(OR(G5="",IFERROR(VLOOKUP(B5,Сезонность!$A4 у.е.:$D1 у.е.5,4,FALSE),0)=0),"",G5/IFERROR(VLOOKUP(B5,Сезонность!$A4 у.е.:$D1 у.е.5,4,FALSE),1)) | K5: =IF(OR(G5="",H5="",H5=0,IFERROR(VLOOKUP(B5,Сезонность!$A4 у.е.:$D1 у.е.5,4,FALSE),0)=0),"",G5/(H5*IFERROR(VLOOKUP(B5,Сезонность!$A4 у.е.:$D1 у.е.5,4,FALSE),1))) | L5: =IF(K5="","",IF(K5<Настройки!$B1 у.е.1,"ниже тренда",IF(K5>Настройки!$B1 у.е.2,"выше тренда","норма"))) | M5: =IF(L5="","",IF(L5="ниже тренда","возможное ослабление интереса",IF(L5="выше тренда","возможная фаза повышенного интереса","без выраженного отклонения"))) | N5: =IF(G5="","",COUNT($G5 у.е.:G5))
A6: =IF(Ввод_данных!A6="","",Ввод_данных!A6) | B6: =IF(A6="","",MONTH(A6)) | C6: =IF(A6="","",CHOOSE(MONTH(A6),"январь","февраль","март","апрель","май","июнь","июль","август","сентябрь","октябрь","ноябрь","декабрь")) | D6: =IF(Ввод_данных!C6="","",Ввод_данных!C6) | E6: =IF(Ввод_данных!D6="","",Ввод_данных!D6) | F6: =IF(E6="","",IF(MAX($E5 у.е.:$E6 у.е.4)=0,"",E6/MAX($E5 у.е.:$E6 у.е.4)*100)) | G6: =IF(COUNT(D6,F6)=0,"",IF(COUNT(D6,F6)=2,D6*Настройки!$B4 у.е.+F6*Настройки!$B5 у.е.,IF(D6<>"",D6,F6))) | H6: =IF(OR(G6="",COUNT($G5 у.е.:G6)<12),"","") | I6: =IF(OR(G6="",H6="",H6=0),"",G6/H6) | J6: =IF(OR(G6="",IFERROR(VLOOKUP(B6,Сезонность!$A4 у.е.:$D1 у.е.5,4,FALSE),0)=0),"",G6/IFERROR(VLOOKUP(B6,Сезонность!$A4 у.е.:$D1 у.е.5,4,FALSE),1)) | K6: =IF(OR(G6="",H6="",H6=0,IFERROR(VLOOKUP(B6,Сезонность!$A4 у.е.:$D1 у.е.5,4,FALSE),0)=0),"",G6/(H6*IFERROR(VLOOKUP(B6,Сезонность!$A4 у.е.:$D1 у.е.5,4,FALSE),1))) | L6: =IF(K6="","",IF(K6<Настройки!$B1 у.е.1,"ниже тренда",IF(K6>Настройки!$B1 у.е.2,"выше тренда","норма"))) | M6: =IF(L6="","",IF(L6="ниже тренда","возможное ослабление интереса",IF(L6="выше тренда","возможная фаза повышенного интереса","без выраженного отклонения"))) | N6: =IF(G6="","",COUNT($G5 у.е.:G6))
A7: =IF(Ввод_данных!A7="","",Ввод_данных!A7) | B7: =IF(A7="","",MONTH(A7)) | C7: =IF(A7="","",CHOOSE(MONTH(A7),"январь","февраль","март","апрель","май","июнь","июль","август","сентябрь","октябрь","ноябрь","декабрь")) | D7: =IF(Ввод_данных!C7="","",Ввод_данных!C7) | E7: =IF(Ввод_данных!D7="","",Ввод_данных!D7) | F7: =IF(E7="","",IF(MAX($E5 у.е.:$E6 у.е.4)=0,"",E7/MAX($E5 у.е.:$E6 у.е.4)*100)) | G7: =IF(COUNT(D7,F7)=0,"",IF(COUNT(D7,F7)=2,D7*Настройки!$B4 у.е.+F7*Настройки!$B5 у.е.,IF(D7<>"",D7,F7))) | H7: =IF(OR(G7="",COUNT($G5 у.е.:G7)<12),"","") | I7: =IF(OR(G7="",H7="",H7=0),"",G7/H7) | J7: =IF(OR(G7="",IFERROR(VLOOKUP(B7,Сезонность!$A4 у.е.:$D1 у.е.5,4,FALSE),0)=0),"",G7/IFERROR(VLOOKUP(B7,Сезонность!$A4 у.е.:$D1 у.е.5,4,FALSE),1)) | K7: =IF(OR(G7="",H7="",H7=0,IFERROR(VLOOKUP(B7,Сезонность!$A4 у.е.:$D1 у.е.5,4,FALSE),0)=0),"",G7/(H7*IFERROR(VLOOKUP(B7,Сезонность!$A4 у.е.:$D1 у.е.5,4,FALSE),1))) | L7: =IF(K7="","",IF(K7<Настройки!$B1 у.е.1,"ниже тренда",IF(K7>Настройки!$B1 у.е.2,"выше тренда","норма"))) | M7: =IF(L7="","",IF(L7="ниже тренда","возможное ослабление интереса",IF(L7="выше тренда","возможная фаза повышенного интереса","без выраженного отклонения"))) | N7: =IF(G7="","",COUNT($G5 у.е.:G7))
A8: =IF(Ввод_данных!A8="","",Ввод_данных!A8) | B8: =IF(A8="","",MONTH(A8)) | C8: =IF(A8="","",CHOOSE(MONTH(A8),"январь","февраль","март","апрель","май","июнь","июль","август","сентябрь","октябрь","ноябрь","декабрь")) | D8: =IF(Ввод_данных!C8="","",Ввод_данных!C8) | E8: =IF(Ввод_данных!D8="","",Ввод_данных!D8) | F8: =IF(E8="","",IF(MAX($E5 у.е.:$E6 у.е.4)=0,"",E8/MAX($E5 у.е.:$E6 у.е.4)*100)) | G8: =IF(COUNT(D8,F8)=0,"",IF(COUNT(D8,F8)=2,D8*Настройки!$B4 у.е.+F8*Настройки!$B5 у.е.,IF(D8<>"",D8,F8))) | H8: =IF(OR(G8="",COUNT($G5 у.е.:G8)<12),"","") | I8: =IF(OR(G8="",H8="",H8=0),"",G8/H8) | J8: =IF(OR(G8="",IFERROR(VLOOKUP(B8,Сезонность!$A4 у.е.:$D1 у.е.5,4,FALSE),0)=0),"",G8/IFERROR(VLOOKUP(B8,Сезонность!$A4 у.е.:$D1 у.е.5,4,FALSE),1)) | K8: =IF(OR(G8="",H8="",H8=0,IFERROR(VLOOKUP(B8,Сезонность!$A4 у.е.:$D1 у.е.5,4,FALSE),0)=0),"",G8/(H8*IFERROR(VLOOKUP(B8,Сезонность!$A4 у.е.:$D1 у.е.5,4,FALSE),1))) | L8: =IF(K8="","",IF(K8<Настройки!$B1 у.е.1,"ниже тренда",IF(K8>Настройки!$B1 у.е.2,"выше тренда","норма"))) | M8: =IF(L8="","",IF(L8="ниже тренда","возможное ослабление интереса",IF(L8="выше тренда","возможная фаза повышенного интереса","без выраженного отклонения"))) | N8: =IF(G8="","",COUNT($G5 у.е.:G8))
A9: =IF(Ввод_данных!A9="","",Ввод_данных!A9) | B9: =IF(A9="","",MONTH(A9)) | C9: =IF(A9="","",CHOOSE(MONTH(A9),"январь","февраль","март","апрель","май","июнь","июль","август","сентябрь","октябрь","ноябрь","декабрь")) | D9: =IF(Ввод_данных!C9="","",Ввод_данных!C9) | E9: =IF(Ввод_данных!D9="","",Ввод_данных!D9) | F9: =IF(E9="","",IF(MAX($E5 у.е.:$E6 у.е.4)=0,"",E9/MAX($E5 у.е.:$E6 у.е.4)*100)) | G9: =IF(COUNT(D9,F9)=0,"",IF(COUNT(D9,F9)=2,D9*Настройки!$B4 у.е.+F9*Настройки!$B5 у.е.,IF(D9<>"",D9,F9))) | H9: =IF(OR(G9="",COUNT($G5 у.е.:G9)<12),"","") | I9: =IF(OR(G9="",H9="",H9=0),"",G9/H9) | J9: =IF(OR(G9="",IFERROR(VLOOKUP(B9,Сезонность!$A4 у.е.:$D1 у.е.5,4,FALSE),0)=0),"",G9/IFERROR(VLOOKUP(B9,Сезонность!$A4 у.е.:$D1 у.е.5,4,FALSE),1)) | K9: =IF(OR(G9="",H9="",H9=0,IFERROR(VLOOKUP(B9,Сезонность!$A4 у.е.:$D1 у.е.5,4,FALSE),0)=0),"",G9/(H9*IFERROR(VLOOKUP(B9,Сезонность!$A4 у.е.:$D1 у.е.5,4,FALSE),1))) | L9: =IF(K9="","",IF(K9<Настройки!$B1 у.е.1,"ниже тренда",IF(K9>Настройки!$B1 у.е.2,"выше тренда","норма"))) | M9: =IF(L9="","",IF(L9="ниже тренда","возможное ослабление интереса",IF(L9="выше тренда","возможная фаза повышенного интереса","без выраженного отклонения"))) | N9: =IF(G9="","",COUNT($G5 у.е.:G9))
A10: =IF(Ввод_данных!A10="","",Ввод_данных!A10) | B10: =IF(A10="","",MONTH(A10)) | C10: =IF(A10="","",CHOOSE(MONTH(A10),"январь","февраль","март","апрель","май","июнь","июль","август","сентябрь","октябрь","ноябрь","декабрь")) | D10: =IF(Ввод_данных!C10="","",Ввод_данных!C10) | E10: =IF(Ввод_данных!D10="","",Ввод_данных!D10) | F10: =IF(E10="","",IF(MAX($E5 у.е.:$E6 у.е.4)=0,"",E10/MAX($E5 у.е.:$E6 у.е.4)*100)) | G10: =IF(COUNT(D10,F10)=0,"",IF(COUNT(D10,F10)=2,D10*Настройки!$B4 у.е.+F10*Настройки!$B5 у.е.,IF(D10<>"",D10,F10))) | H10: =IF(OR(G10="",COUNT($G5 у.е.:G10)<12),"","") | I10: =IF(OR(G10="",H10="",H10=0),"",G10/H10) | J10: =IF(OR(G10="",IFERROR(VLOOKUP(B10,Сезонность!$A4 у.е.:$D1 у.е.5,4,FALSE),0)=0),"",G10/IFERROR(VLOOKUP(B10,Сезонность!$A4 у.е.:$D1 у.е.5,4,FALSE),1)) | K10: =IF(OR(G10="",H10="",H10=0,IFERROR(VLOOKUP(B10,Сезонность!$A4 у.е.:$D1 у.е.5,4,FALSE),0)=0),"",G10/(H10*IFERROR(VLOOKUP(B10,Сезонность!$A4 у.е.:$D1 у.е.5,4,FALSE),1))) | L10: =IF(K10="","",IF(K10<Настройки!$B1 у.е.1,"ниже тренда",IF(K10>Настройки!$B1 у.е.2,"выше тренда","норма"))) | M10: =IF(L10="","",IF(L10="ниже тренда","возможное ослабление интереса",IF(L10="выше тренда","возможная фаза повышенного интереса","без выраженного отклонения"))) | N10: =IF(G10="","",COUNT($G5 у.е.:G10))
A11: =IF(Ввод_данных!A11="","",Ввод_данных!A11) | B11: =IF(A11="","",MONTH(A11)) | C11: =IF(A11="","",CHOOSE(MONTH(A11),"январь","февраль","март","апрель","май","июнь","июль","август","сентябрь","октябрь","ноябрь","декабрь")) | D11: =IF(Ввод_данных!C11="","",Ввод_данных!C11) | E11: =IF(Ввод_данных!D11="","",Ввод_данных!D11) | F11: =IF(E11="","",IF(MAX($E5 у.е.:$E6 у.е.4)=0,"",E11/MAX($E5 у.е.:$E6 у.е.4)*100)) | G11: =IF(COUNT(D11,F11)=0,"",IF(COUNT(D11,F11)=2,D11*Настройки!$B4 у.е.+F11*Настройки!$B5 у.е.,IF(D11<>"",D11,F11))) | H11: =IF(OR(G11="",COUNT($G5 у.е.:G11)<12),"","") | I11: =IF(OR(G11="",H11="",H11=0),"",G11/H11) | J11: =IF(OR(G11="",IFERROR(VLOOKUP(B11,Сезонность!$A4 у.е.:$D1 у.е.5,4,FALSE),0)=0),"",G11/IFERROR(VLOOKUP(B11,Сезонность!$A4 у.е.:$D1 у.е.5,4,FALSE),1)) | K11: =IF(OR(G11="",H11="",H11=0,IFERROR(VLOOKUP(B11,Сезонность!$A4 у.е.:$D1 у.е.5,4,FALSE),0)=0),"",G11/(H11*IFERROR(VLOOKUP(B11,Сезонность!$A4 у.е.:$D1 у.е.5,4,FALSE),1))) | L11: =IF(K11="","",IF(K11<Настройки!$B1 у.е.1,"ниже тренда",IF(K11>Настройки!$B1 у.е.2,"выше тренда","норма"))) | M11: =IF(L11="","",IF(L11="ниже тренда","возможное ослабление интереса",IF(L11="выше тренда","возможная фаза повышенного интереса","без выраженного отклонения"))) | N11: =IF(G11="","",COUNT($G5 у.е.:G11))
A12: =IF(Ввод_данных!A12="","",Ввод_данных!A12) | B12: =IF(A12="","",MONTH(A12)) | C12: =IF(A12="","",CHOOSE(MONTH(A12),"январь","февраль","март","апрель","май","июнь","июль","август","сентябрь","октябрь","ноябрь","декабрь")) | D12: =IF(Ввод_данных!C12="","",Ввод_данных!C12) | E12: =IF(Ввод_данных!D12="","",Ввод_данных!D12) | F12: =IF(E12="","",IF(MAX($E5 у.е.:$E6 у.е.4)=0,"",E12/MAX($E5 у.е.:$E6 у.е.4)*100)) | G12: =IF(COUNT(D12,F12)=0,"",IF(COUNT(D12,F12)=2,D12*Настройки!$B4 у.е.+F12*Настройки!$B5 у.е.,IF(D12<>"",D12,F12))) | H12: =IF(OR(G12="",COUNT($G5 у.е.:G12)<12),"","") | I12: =IF(OR(G12="",H12="",H12=0),"",G12/H12) | J12: =IF(OR(G12="",IFERROR(VLOOKUP(B12,Сезонность!$A4 у.е.:$D1 у.е.5,4,FALSE),0)=0),"",G12/IFERROR(VLOOKUP(B12,Сезонность!$A4 у.е.:$D1 у.е.5,4,FALSE),1)) | K12: =IF(OR(G12="",H12="",H12=0,IFERROR(VLOOKUP(B12,Сезонность!$A4 у.е.:$D1 у.е.5,4,FALSE),0)=0),"",G12/(H12*IFERROR(VLOOKUP(B12,Сезонность!$A4 у.е.:$D1 у.е.5,4,FALSE),1))) | L12: =IF(K12="","",IF(K12<Настройки!$B1 у.е.1,"ниже тренда",IF(K12>Настройки!$B1 у.е.2,"выше тренда","норма"))) | M12: =IF(L12="","",IF(L12="ниже тренда","возможное ослабление интереса",IF(L12="выше тренда","возможная фаза повышенного интереса","без выраженного отклонения"))) | N12: =IF(G12="","",COUNT($G5 у.е.:G12))
A13: =IF(Ввод_данных!A13="","",Ввод_данных!A13) | B13: =IF(A13="","",MONTH(A13)) | C13: =IF(A13="","",CHOOSE(MONTH(A13),"январь","февраль","март","апрель","май","июнь","июль","август","сентябрь","октябрь","ноябрь","декабрь")) | D13: =IF(Ввод_данных!C13="","",Ввод_данных!C13) | E13: =IF(Ввод_данных!D13="","",Ввод_данных!D13) | F13: =IF(E13="","",IF(MAX($E5 у.е.:$E6 у.е.4)=0,"",E13/MAX($E5 у.е.:$E6 у.е.4)*100)) | G13: =IF(COUNT(D13,F13)=0,"",IF(COUNT(D13,F13)=2,D13*Настройки!$B4 у.е.+F13*Настройки!$B5 у.е.,IF(D13<>"",D13,F13))) | H13: =IF(OR(G13="",COUNT($G5 у.е.:G13)<12),"","") | I13: =IF(OR(G13="",H13="",H13=0),"",G13/H13) | J13: =IF(OR(G13="",IFERROR(VLOOKUP(B13,Сезонность!$A4 у.е.:$D1 у.е.5,4,FALSE),0)=0),"",G13/IFERROR(VLOOKUP(B13,Сезонность!$A4 у.е.:$D1 у.е.5,4,FALSE),1)) | K13: =IF(OR(G13="",H13="",H13=0,IFERROR(VLOOKUP(B13,Сезонность!$A4 у.е.:$D1 у.е.5,4,FALSE),0)=0),"",G13/(H13*IFERROR(VLOOKUP(B13,Сезонность!$A4 у.е.:$D1 у.е.5,4,FALSE),1))) | L13: =IF(K13="","",IF(K13<Настройки!$B1 у.е.1,"ниже тренда",IF(K13>Настройки!$B1 у.е.2,"выше тренда","норма"))) | M13: =IF(L13="","",IF(L13="ниже тренда","возможное ослабление интереса",IF(L13="выше тренда","возможная фаза повышенного интереса","без выраженного отклонения"))) | N13: =IF(G13="","",COUNT($G5 у.е.:G13))
A14: =IF(Ввод_данных!A14="","",Ввод_данных!A14) | B14: =IF(A14="","",MONTH(A14)) | C14: =IF(A14="","",CHOOSE(MONTH(A14),"январь","февраль","март","апрель","май","июнь","июль","август","сентябрь","октябрь","ноябрь","декабрь")) | D14: =IF(Ввод_данных!C14="","",Ввод_данных!C14) | E14: =IF(Ввод_данных!D14="","",Ввод_данных!D14) | F14: =IF(E14="","",IF(MAX($E5 у.е.:$E6 у.е.4)=0,"",E14/MAX($E5 у.е.:$E6 у.е.4)*100)) | G14: =IF(COUNT(D14,F14)=0,"",IF(COUNT(D14,F14)=2,D14*Настройки!$B4 у.е.+F14*Настройки!$B5 у.е.,IF(D14<>"",D14,F14))) | H14: =IF(OR(G14="",COUNT($G5 у.е.:G14)<12),"","") | I14: =IF(OR(G14="",H14="",H14=0),"",G14/H14) | J14: =IF(OR(G14="",IFERROR(VLOOKUP(B14,Сезонность!$A4 у.е.:$D1 у.е.5,4,FALSE),0)=0),"",G14/IFERROR(VLOOKUP(B14,Сезонность!$A4 у.е.:$D1 у.е.5,4,FALSE),1)) | K14: =IF(OR(G14="",H14="",H14=0,IFERROR(VLOOKUP(B14,Сезонность!$A4 у.е.:$D1 у.е.5,4,FALSE),0)=0),"",G14/(H14*IFERROR(VLOOKUP(B14,Сезонность!$A4 у.е.:$D1 у.е.5,4,FALSE),1))) | L14: =IF(K14="","",IF(K14<Настройки!$B1 у.е.1,"ниже тренда",IF(K14>Настройки!$B1 у.е.2,"выше тренда","норма"))) | M14: =IF(L14="","",IF(L14="ниже тренда","возможное ослабление интереса",IF(L14="выше тренда","возможная фаза повышенного интереса","без выраженного отклонения"))) | N14: =IF(G14="","",COUNT($G5 у.е.:G14))
A15: =IF(Ввод_данных!A15="","",Ввод_данных!A15) | B15: =IF(A15="","",MONTH(A15)) | C15: =IF(A15="","",CHOOSE(MONTH(A15),"январь","февраль","март","апрель","май","июнь","июль","август","сентябрь","октябрь","ноябрь","декабрь")) | D15: =IF(Ввод_данных!C15="","",Ввод_данных!C15) | E15: =IF(Ввод_данных!D15="","",Ввод_данных!D15) | F15: =IF(E15="","",IF(MAX($E5 у.е.:$E6 у.е.4)=0,"",E15/MAX($E5 у.е.:$E6 у.е.4)*100)) | G15: =IF(COUNT(D15,F15)=0,"",IF(COUNT(D15,F15)=2,D15*Настройки!$B4 у.е.+F15*Настройки!$B5 у.е.,IF(D15<>"",D15,F15))) | H15: =IF(OR(G15="",COUNT($G5 у.е.:G15)<12),"","") | I15: =IF(OR(G15="",H15="",H15=0),"",G15/H15) | J15: =IF(OR(G15="",IFERROR(VLOOKUP(B15,Сезонность!$A4 у.е.:$D1 у.е.5,4,FALSE),0)=0),"",G15/IFERROR(VLOOKUP(B15,Сезонность!$A4 у.е.:$D1 у.е.5,4,FALSE),1)) | K15: =IF(OR(G15="",H15="",H15=0,IFERROR(VLOOKUP(B15,Сезонность!$A4 у.е.:$D1 у.е.5,4,FALSE),0)=0),"",G15/(H15*IFERROR(VLOOKUP(B15,Сезонность!$A4 у.е.:$D1 у.е.5,4,FALSE),1))) | L15: =IF(K15="","",IF(K15<Настройки!$B1 у.е.1,"ниже тренда",IF(K15>Настройки!$B1 у.е.2,"выше тренда","норма"))) | M15: =IF(L15="","",IF(L15="ниже тренда","возможное ослабление интереса",IF(L15="выше тренда","возможная фаза повышенного интереса","без выраженного отклонения"))) | N15: =IF(G15="","",COUNT($G5 у.е.:G15))
A16: =IF(Ввод_данных!A16="","",Ввод_данных!A16) | B16: =IF(A16="","",MONTH(A16)) | C16: =IF(A16="","",CHOOSE(MONTH(A16),"январь","февраль","март","апрель","май","июнь","июль","август","сентябрь","октябрь","ноябрь","декабрь")) | D16: =IF(Ввод_данных!C16="","",Ввод_данных!C16) | E16: =IF(Ввод_данных!D16="","",Ввод_данных!D16) | F16: =IF(E16="","",IF(MAX($E5 у.е.:$E6 у.е.4)=0,"",E16/MAX($E5 у.е.:$E6 у.е.4)*100)) | G16: =IF(COUNT(D16,F16)=0,"",IF(COUNT(D16,F16)=2,D16*Настройки!$B4 у.е.+F16*Настройки!$B5 у.е.,IF(D16<>"",D16,F16))) | H16: =IF(OR(G16="",COUNT($G5 у.е.:G16)<12),"",AVERAGE(G5:G16)) | I16: =IF(OR(G16="",H16="",H16=0),"",G16/H16) | J16: =IF(OR(G16="",IFERROR(VLOOKUP(B16,Сезонность!$A4 у.е.:$D1 у.е.5,4,FALSE),0)=0),"",G16/IFERROR(VLOOKUP(B16,Сезонность!$A4 у.е.:$D1 у.е.5,4,FALSE),1)) | K16: =IF(OR(G16="",H16="",H16=0,IFERROR(VLOOKUP(B16,Сезонность!$A4 у.е.:$D1 у.е.5,4,FALSE),0)=0),"",G16/(H16*IFERROR(VLOOKUP(B16,Сезонность!$A4 у.е.:$D1 у.е.5,4,FALSE),1))) | L16: =IF(K16="","",IF(K16<Настройки!$B1 у.е.1,"ниже тренда",IF(K16>Настройки!$B1 у.е.2,"выше тренда","норма"))) | M16: =IF(L16="","",IF(L16="ниже тренда","возможное ослабление интереса",IF(L16="выше тренда","возможная фаза повышенного интереса","без выраженного отклонения"))) | N16: =IF(G16="","",COUNT($G5 у.е.:G16))
A17: =IF(Ввод_данных!A17="","",Ввод_данных!A17) | B17: =IF(A17="","",MONTH(A17)) | C17: =IF(A17="","",CHOOSE(MONTH(A17),"январь","февраль","март","апрель","май","июнь","июль","август","сентябрь","октябрь","ноябрь","декабрь")) | D17: =IF(Ввод_данных!C17="","",Ввод_данных!C17) | E17: =IF(Ввод_данных!D17="","",Ввод_данных!D17) | F17: =IF(E17="","",IF(MAX($E5 у.е.:$E6 у.е.4)=0,"",E17/MAX($E5 у.е.:$E6 у.е.4)*100)) | G17: =IF(COUNT(D17,F17)=0,"",IF(COUNT(D17,F17)=2,D17*Настройки!$B4 у.е.+F17*Настройки!$B5 у.е.,IF(D17<>"",D17,F17))) | H17: =IF(OR(G17="",COUNT($G5 у.е.:G17)<12),"",AVERAGE(G6:G17)) | I17: =IF(OR(G17="",H17="",H17=0),"",G17/H17) | J17: =IF(OR(G17="",IFERROR(VLOOKUP(B17,Сезонность!$A4 у.е.:$D1 у.е.5,4,FALSE),0)=0),"",G17/IFERROR(VLOOKUP(B17,Сезонность!$A4 у.е.:$D1 у.е.5,4,FALSE),1)) | K17: =IF(OR(G17="",H17="",H17=0,IFERROR(VLOOKUP(B17,Сезонность!$A4 у.е.:$D1 у.е.5,4,FALSE),0)=0),"",G17/(H17*IFERROR(VLOOKUP(B17,Сезонность!$A4 у.е.:$D1 у.е.5,4,FALSE),1))) | L17: =IF(K17="","",IF(K17<Настройки!$B1 у.е.1,"ниже тренда",IF(K17>Настройки!$B1 у.е.2,"выше тренда","норма"))) | M17: =IF(L17="","",IF(L17="ниже тренда","возможное ослабление интереса",IF(L17="выше тренда","возможная фаза повышенного интереса","без выраженного отклонения"))) | N17: =IF(G17="","",COUNT($G5 у.е.:G17))
A18: =IF(Ввод_данных!A18="","",Ввод_данных!A18) | B18: =IF(A18="","",MONTH(A18)) | C18: =IF(A18="","",CHOOSE(MONTH(A18),"январь","февраль","март","апрель","май","июнь","июль","август","сентябрь","октябрь","ноябрь","декабрь")) | D18: =IF(Ввод_данных!C18="","",Ввод_данных!C18) | E18: =IF(Ввод_данных!D18="","",Ввод_данных!D18) | F18: =IF(E18="","",IF(MAX($E5 у.е.:$E6 у.е.4)=0,"",E18/MAX($E5 у.е.:$E6 у.е.4)*100)) | G18: =IF(COUNT(D18,F18)=0,"",IF(COUNT(D18,F18)=2,D18*Настройки!$B4 у.е.+F18*Настройки!$B5 у.е.,IF(D18<>"",D18,F18))) | H18: =IF(OR(G18="",COUNT($G5 у.е.:G18)<12),"",AVERAGE(G7:G18)) | I18: =IF(OR(G18="",H18="",H18=0),"",G18/H18) | J18: =IF(OR(G18="",IFERROR(VLOOKUP(B18,Сезонность!$A4 у.е.:$D1 у.е.5,4,FALSE),0)=0),"",G18/IFERROR(VLOOKUP(B18,Сезонность!$A4 у.е.:$D1 у.е.5,4,FALSE),1)) | K18: =IF(OR(G18="",H18="",H18=0,IFERROR(VLOOKUP(B18,Сезонность!$A4 у.е.:$D1 у.е.5,4,FALSE),0)=0),"",G18/(H18*IFERROR(VLOOKUP(B18,Сезонность!$A4 у.е.:$D1 у.е.5,4,FALSE),1))) | L18: =IF(K18="","",IF(K18<Настройки!$B1 у.е.1,"ниже тренда",IF(K18>Настройки!$B1 у.е.2,"выше тренда","норма"))) | M18: =IF(L18="","",IF(L18="ниже тренда","возможное ослабление интереса",IF(L18="выше тренда","возможная фаза повышенного интереса","без выраженного отклонения"))) | N18: =IF(G18="","",COUNT($G5 у.е.:G18))
A19: =IF(Ввод_данных!A19="","",Ввод_данных!A19) | B19: =IF(A19="","",MONTH(A19)) | C19: =IF(A19="","",CHOOSE(MONTH(A19),"январь","февраль","март","апрель","май","июнь","июль","август","сентябрь","октябрь","ноябрь","декабрь")) | D19: =IF(Ввод_данных!C19="","",Ввод_данных!C19) | E19: =IF(Ввод_данных!D19="","",Ввод_данных!D19) | F19: =IF(E19="","",IF(MAX($E5 у.е.:$E6 у.е.4)=0,"",E19/MAX($E5 у.е.:$E6 у.е.4)*100)) | G19: =IF(COUNT(D19,F19)=0,"",IF(COUNT(D19,F19)=2,D19*Настройки!$B4 у.е.+F19*Настройки!$B5 у.е.,IF(D19<>"",D19,F19))) | H19: =IF(OR(G19="",COUNT($G5 у.е.:G19)<12),"",AVERAGE(G8:G19)) | I19: =IF(OR(G19="",H19="",H19=0),"",G19/H19) | J19: =IF(OR(G19="",IFERROR(VLOOKUP(B19,Сезонность!$A4 у.е.:$D1 у.е.5,4,FALSE),0)=0),"",G19/IFERROR(VLOOKUP(B19,Сезонность!$A4 у.е.:$D1 у.е.5,4,FALSE),1)) | K19: =IF(OR(G19="",H19="",H19=0,IFERROR(VLOOKUP(B19,Сезонность!$A4 у.е.:$D1 у.е.5,4,FALSE),0)=0),"",G19/(H19*IFERROR(VLOOKUP(B19,Сезонность!$A4 у.е.:$D1 у.е.5,4,FALSE),1))) | L19: =IF(K19="","",IF(K19<Настройки!$B1 у.е.1,"ниже тренда",IF(K19>Настройки!$B1 у.е.2,"выше тренда","норма"))) | M19: =IF(L19="","",IF(L19="ниже тренда","возможное ослабление интереса",IF(L19="выше тренда","возможная фаза повышенного интереса","без выраженного отклонения"))) | N19: =IF(G19="","",COUNT($G5 у.е.:G19))
A20: =IF(Ввод_данных!A20="","",Ввод_данных!A20) | B20: =IF(A20="","",MONTH(A20)) | C20: =IF(A20="","",CHOOSE(MONTH(A20),"январь","февраль","март","апрель","май","июнь","июль","август","сентябрь","октябрь","ноябрь","декабрь")) | D20: =IF(Ввод_данных!C20="","",Ввод_данных!C20) | E20: =IF(Ввод_данных!D20="","",Ввод_данных!D20) | F20: =IF(E20="","",IF(MAX($E5 у.е.:$E6 у.е.4)=0,"",E20/MAX($E5 у.е.:$E6 у.е.4)*100)) | G20: =IF(COUNT(D20,F20)=0,"",IF(COUNT(D20,F20)=2,D20*Настройки!$B4 у.е.+F20*Настройки!$B5 у.е.,IF(D20<>"",D20,F20))) | H20: =IF(OR(G20="",COUNT($G5 у.е.:G20)<12),"",AVERAGE(G9:G20)) | I20: =IF(OR(G20="",H20="",H20=0),"",G20/H20) | J20: =IF(OR(G20="",IFERROR(VLOOKUP(B20,Сезонность!$A4 у.е.:$D1 у.е.5,4,FALSE),0)=0),"",G20/IFERROR(VLOOKUP(B20,Сезонность!$A4 у.е.:$D1 у.е.5,4,FALSE),1)) | K20: =IF(OR(G20="",H20="",H20=0,IFERROR(VLOOKUP(B20,Сезонность!$A4 у.е.:$D1 у.е.5,4,FALSE),0)=0),"",G20/(H20*IFERROR(VLOOKUP(B20,Сезонность!$A4 у.е.:$D1 у.е.5,4,FALSE),1))) | L20: =IF(K20="","",IF(K20<Настройки!$B1 у.е.1,"ниже тренда",IF(K20>Настройки!$B1 у.е.2,"выше тренда","норма"))) | M20: =IF(L20="","",IF(L20="ниже тренда","возможное ослабление интереса",IF(L20="выше тренда","возможная фаза повышенного интереса","без выраженного отклонения"))) | N20: =IF(G20="","",COUNT($G5 у.е.:G20))
A21: =IF(Ввод_данных!A21="","",Ввод_данных!A21) | B21: =IF(A21="","",MONTH(A21)) | C21: =IF(A21="","",CHOOSE(MONTH(A21),"январь","февраль","март","апрель","май","июнь","июль","август","сентябрь","октябрь","ноябрь","декабрь")) | D21: =IF(Ввод_данных!C21="","",Ввод_данных!C21) | E21: =IF(Ввод_данных!D21="","",Ввод_данных!D21) | F21: =IF(E21="","",IF(MAX($E5 у.е.:$E6 у.е.4)=0,"",E21/MAX($E5 у.е.:$E6 у.е.4)*100)) | G21: =IF(COUNT(D21,F21)=0,"",IF(COUNT(D21,F21)=2,D21*Настройки!$B4 у.е.+F21*Настройки!$B5 у.е.,IF(D21<>"",D21,F21))) | H21: =IF(OR(G21="",COUNT($G5 у.е.:G21)<12),"",AVERAGE(G10:G21)) | I21: =IF(OR(G21="",H21="",H21=0),"",G21/H21) | J21: =IF(OR(G21="",IFERROR(VLOOKUP(B21,Сезонность!$A4 у.е.:$D1 у.е.5,4,FALSE),0)=0),"",G21/IFERROR(VLOOKUP(B21,Сезонность!$A4 у.е.:$D1 у.е.5,4,FALSE),1)) | K21: =IF(OR(G21="",H21="",H21=0,IFERROR(VLOOKUP(B21,Сезонность!$A4 у.е.:$D1 у.е.5,4,FALSE),0)=0),"",G21/(H21*IFERROR(VLOOKUP(B21,Сезонность!$A4 у.е.:$D1 у.е.5,4,FALSE),1))) | L21: =IF(K21="","",IF(K21<Настройки!$B1 у.е.1,"ниже тренда",IF(K21>Настройки!$B1 у.е.2,"выше тренда","норма"))) | M21: =IF(L21="","",IF(L21="ниже тренда","возможное ослабление интереса",IF(L21="выше тренда","возможная фаза повышенного интереса","без выраженного отклонения"))) | N21: =IF(G21="","",COUNT($G5 у.е.:G21))
A22: =IF(Ввод_данных!A22="","",Ввод_данных!A22) | B22: =IF(A22="","",MONTH(A22)) | C22: =IF(A22="","",CHOOSE(MONTH(A22),"январь","февраль","март","апрель","май","июнь","июль","август","сентябрь","октябрь","ноябрь","декабрь")) | D22: =IF(Ввод_данных!C22="","",Ввод_данных!C22) | E22: =IF(Ввод_данных!D22="","",Ввод_данных!D22) | F22: =IF(E22="","",IF(MAX($E5 у.е.:$E6 у.е.4)=0,"",E22/MAX($E5 у.е.:$E6 у.е.4)*100)) | G22: =IF(COUNT(D22,F22)=0,"",IF(COUNT(D22,F22)=2,D22*Настройки!$B4 у.е.+F22*Настройки!$B5 у.е.,IF(D22<>"",D22,F22))) | H22: =IF(OR(G22="",COUNT($G5 у.е.:G22)<12),"",AVERAGE(G11:G22)) | I22: =IF(OR(G22="",H22="",H22=0),"",G22/H22) | J22: =IF(OR(G22="",IFERROR(VLOOKUP(B22,Сезонность!$A4 у.е.:$D1 у.е.5,4,FALSE),0)=0),"",G22/IFERROR(VLOOKUP(B22,Сезонность!$A4 у.е.:$D1 у.е.5,4,FALSE),1)) | K22: =IF(OR(G22="",H22="",H22=0,IFERROR(VLOOKUP(B22,Сезонность!$A4 у.е.:$D1 у.е.5,4,FALSE),0)=0),"",G22/(H22*IFERROR(VLOOKUP(B22,Сезонность!$A4 у.е.:$D1 у.е.5,4,FALSE),1))) | L22: =IF(K22="","",IF(K22<Настройки!$B1 у.е.1,"ниже тренда",IF(K22>Настройки!$B1 у.е.2,"выше тренда","норма"))) | M22: =IF(L22="","",IF(L22="ниже тренда","возможное ослабление интереса",IF(L22="выше тренда","возможная фаза повышенного интереса","без выраженного отклонения"))) | N22: =IF(G22="","",COUNT($G5 у.е.:G22))
A23: =IF(Ввод_данных!A23="","",Ввод_данных!A23) | B23: =IF(A23="","",MONTH(A23)) | C23: =IF(A23="","",CHOOSE(MONTH(A23),"январь","февраль","март","апрель","май","июнь","июль","август","сентябрь","октябрь","ноябрь","декабрь")) | D23: =IF(Ввод_данных!C23="","",Ввод_данных!C23) | E23: =IF(Ввод_данных!D23="","",Ввод_данных!D23) | F23: =IF(E23="","",IF(MAX($E5 у.е.:$E6 у.е.4)=0,"",E23/MAX($E5 у.е.:$E6 у.е.4)*100)) | G23: =IF(COUNT(D23,F23)=0,"",IF(COUNT(D23,F23)=2,D23*Настройки!$B4 у.е.+F23*Настройки!$B5 у.е.,IF(D23<>"",D23,F23))) | H23: =IF(OR(G23="",COUNT($G5 у.е.:G23)<12),"",AVERAGE(G12:G23)) | I23: =IF(OR(G23="",H23="",H23=0),"",G23/H23) | J23: =IF(OR(G23="",IFERROR(VLOOKUP(B23,Сезонность!$A4 у.е.:$D1 у.е.5,4,FALSE),0)=0),"",G23/IFERROR(VLOOKUP(B23,Сезонность!$A4 у.е.:$D1 у.е.5,4,FALSE),1)) | K23: =IF(OR(G23="",H23="",H23=0,IFERROR(VLOOKUP(B23,Сезонность!$A4 у.е.:$D1 у.е.5,4,FALSE),0)=0),"",G23/(H23*IFERROR(VLOOKUP(B23,Сезонность!$A4 у.е.:$D1 у.е.5,4,FALSE),1))) | L23: =IF(K23="","",IF(K23<Настройки!$B1 у.е.1,"ниже тренда",IF(K23>Настройки!$B1 у.е.2,"выше тренда","норма"))) | M23: =IF(L23="","",IF(L23="ниже тренда","возможное ослабление интереса",IF(L23="выше тренда","возможная фаза повышенного интереса","без выраженного отклонения"))) | N23: =IF(G23="","",COUNT($G5 у.е.:G23))
A24: =IF(Ввод_данных!A24="","",Ввод_данных!A24) | B24: =IF(A24="","",MONTH(A24)) | C24: =IF(A24="","",CHOOSE(MONTH(A24),"январь","февраль","март","апрель","май","июнь","июль","август","сентябрь","октябрь","ноябрь","декабрь")) | D24: =IF(Ввод_данных!C24="","",Ввод_данных!C24) | E24: =IF(Ввод_данных!D24="","",Ввод_данных!D24) | F24: =IF(E24="","",IF(MAX($E5 у.е.:$E6 у.е.4)=0,"",E24/MAX($E5 у.е.:$E6 у.е.4)*100)) | G24: =IF(COUNT(D24,F24)=0,"",IF(COUNT(D24,F24)=2,D24*Настройки!$B4 у.е.+F24*Настройки!$B5 у.е.,IF(D24<>"",D24,F24))) | H24: =IF(OR(G24="",COUNT($G5 у.е.:G24)<12),"",AVERAGE(G13:G24)) | I24: =IF(OR(G24="",H24="",H24=0),"",G24/H24) | J24: =IF(OR(G24="",IFERROR(VLOOKUP(B24,Сезонность!$A4 у.е.:$D1 у.е.5,4,FALSE),0)=0),"",G24/IFERROR(VLOOKUP(B24,Сезонность!$A4 у.е.:$D1 у.е.5,4,FALSE),1)) | K24: =IF(OR(G24="",H24="",H24=0,IFERROR(VLOOKUP(B24,Сезонность!$A4 у.е.:$D1 у.е.5,4,FALSE),0)=0),"",G24/(H24*IFERROR(VLOOKUP(B24,Сезонность!$A4 у.е.:$D1 у.е.5,4,FALSE),1))) | L24: =IF(K24="","",IF(K24<Настройки!$B1 у.е.1,"ниже тренда",IF(K24>Настройки!$B1 у.е.2,"выше тренда","норма"))) | M24: =IF(L24="","",IF(L24="ниже тренда","возможное ослабление интереса",IF(L24="выше тренда","возможная фаза повышенного интереса","без выраженного отклонения"))) | N24: =IF(G24="","",COUNT($G5 у.е.:G24))
A25: =IF(Ввод_данных!A25="","",Ввод_данных!A25) | B25: =IF(A25="","",MONTH(A25)) | C25: =IF(A25="","",CHOOSE(MONTH(A25),"январь","февраль","март","апрель","май","июнь","июль","август","сентябрь","октябрь","ноябрь","декабрь")) | D25: =IF(Ввод_данных!C25="","",Ввод_данных!C25) | E25: =IF(Ввод_данных!D25="","",Ввод_данных!D25) | F25: =IF(E25="","",IF(MAX($E5 у.е.:$E6 у.е.4)=0,"",E25/MAX($E5 у.е.:$E6 у.е.4)*100)) | G25: =IF(COUNT(D25,F25)=0,"",IF(COUNT(D25,F25)=2,D25*Настройки!$B4 у.е.+F25*Настройки!$B5 у.е.,IF(D25<>"",D25,F25))) | H25: =IF(OR(G25="",COUNT($G5 у.е.:G25)<12),"",AVERAGE(G14:G25)) | I25: =IF(OR(G25="",H25="",H25=0),"",G25/H25) | J25: =IF(OR(G25="",IFERROR(VLOOKUP(B25,Сезонность!$A4 у.е.:$D1 у.е.5,4,FALSE),0)=0),"",G25/IFERROR(VLOOKUP(B25,Сезонность!$A4 у.е.:$D1 у.е.5,4,FALSE),1)) | K25: =IF(OR(G25="",H25="",H25=0,IFERROR(VLOOKUP(B25,Сезонность!$A4 у.е.:$D1 у.е.5,4,FALSE),0)=0),"",G25/(H25*IFERROR(VLOOKUP(B25,Сезонность!$A4 у.е.:$D1 у.е.5,4,FALSE),1))) | L25: =IF(K25="","",IF(K25<Настройки!$B1 у.е.1,"ниже тренда",IF(K25>Настройки!$B1 у.е.2,"выше тренда","норма"))) | M25: =IF(L25="","",IF(L25="ниже тренда","возможное ослабление интереса",IF(L25="выше тренда","возможная фаза повышенного интереса","без выраженного отклонения"))) | N25: =IF(G25="","",COUNT($G5 у.е.:G25))
A26: =IF(Ввод_данных!A26="","",Ввод_данных!A26) | B26: =IF(A26="","",MONTH(A26)) | C26: =IF(A26="","",CHOOSE(MONTH(A26),"январь","февраль","март","апрель","май","июнь","июль","август","сентябрь","октябрь","ноябрь","декабрь")) | D26: =IF(Ввод_данных!C26="","",Ввод_данных!C26) | E26: =IF(Ввод_данных!D26="","",Ввод_данных!D26) | F26: =IF(E26="","",IF(MAX($E5 у.е.:$E6 у.е.4)=0,"",E26/MAX($E5 у.е.:$E6 у.е.4)*100)) | G26: =IF(COUNT(D26,F26)=0,"",IF(COUNT(D26,F26)=2,D26*Настройки!$B4 у.е.+F26*Настройки!$B5 у.е.,IF(D26<>"",D26,F26))) | H26: =IF(OR(G26="",COUNT($G5 у.е.:G26)<12),"",AVERAGE(G15:G26)) | I26: =IF(OR(G26="",H26="",H26=0),"",G26/H26) | J26: =IF(OR(G26="",IFERROR(VLOOKUP(B26,Сезонность!$A4 у.е.:$D1 у.е.5,4,FALSE),0)=0),"",G26/IFERROR(VLOOKUP(B26,Сезонность!$A4 у.е.:$D1 у.е.5,4,FALSE),1)) | K26: =IF(OR(G26="",H26="",H26=0,IFERROR(VLOOKUP(B26,Сезонность!$A4 у.е.:$D1 у.е.5,4,FALSE),0)=0),"",G26/(H26*IFERROR(VLOOKUP(B26,Сезонность!$A4 у.е.:$D1 у.е.5,4,FALSE),1))) | L26: =IF(K26="","",IF(K26<Настройки!$B1 у.е.1,"ниже тренда",IF(K26>Настройки!$B1 у.е.2,"выше тренда","норма"))) | M26: =IF(L26="","",IF(L26="ниже тренда","возможное ослабление интереса",IF(L26="выше тренда","возможная фаза повышенного интереса","без выраженного отклонения"))) | N26: =IF(G26="","",COUNT($G5 у.е.:G26))
A27: =IF(Ввод_данных!A27="","",Ввод_данных!A27) | B27: =IF(A27="","",MONTH(A27)) | C27: =IF(A27="","",CHOOSE(MONTH(A27),"январь","февраль","март","апрель","май","июнь","июль","август","сентябрь","октябрь","ноябрь","декабрь")) | D27: =IF(Ввод_данных!C27="","",Ввод_данных!C27) | E27: =IF(Ввод_данных!D27="","",Ввод_данных!D27) | F27: =IF(E27="","",IF(MAX($E5 у.е.:$E6 у.е.4)=0,"",E27/MAX($E5 у.е.:$E6 у.е.4)*100)) | G27: =IF(COUNT(D27,F27)=0,"",IF(COUNT(D27,F27)=2,D27*Настройки!$B4 у.е.+F27*Настройки!$B5 у.е.,IF(D27<>"",D27,F27))) | H27: =IF(OR(G27="",COUNT($G5 у.е.:G27)<12),"",AVERAGE(G16:G27)) | I27: =IF(OR(G27="",H27="",H27=0),"",G27/H27) | J27: =IF(OR(G27="",IFERROR(VLOOKUP(B27,Сезонность!$A4 у.е.:$D1 у.е.5,4,FALSE),0)=0),"",G27/IFERROR(VLOOKUP(B27,Сезонность!$A4 у.е.:$D1 у.е.5,4,FALSE),1)) | K27: =IF(OR(G27="",H27="",H27=0,IFERROR(VLOOKUP(B27,Сезонность!$A4 у.е.:$D1 у.е.5,4,FALSE),0)=0),"",G27/(H27*IFERROR(VLOOKUP(B27,Сезонность!$A4 у.е.:$D1 у.е.5,4,FALSE),1))) | L27: =IF(K27="","",IF(K27<Настройки!$B1 у.е.1,"ниже тренда",IF(K27>Настройки!$B1 у.е.2,"выше тренда","норма"))) | M27: =IF(L27="","",IF(L27="ниже тренда","возможное ослабление интереса",IF(L27="выше тренда","возможная фаза повышенного интереса","без выраженного отклонения"))) | N27: =IF(G27="","",COUNT($G5 у.е.:G27))
A28: =IF(Ввод_данных!A28="","",Ввод_данных!A28) | B28: =IF(A28="","",MONTH(A28)) | C28: =IF(A28="","",CHOOSE(MONTH(A28),"январь","февраль","март","апрель","май","июнь","июль","август","сентябрь","октябрь","ноябрь","декабрь")) | D28: =IF(Ввод_данных!C28="","",Ввод_данных!C28) | E28: =IF(Ввод_данных!D28="","",Ввод_данных!D28) | F28: =IF(E28="","",IF(MAX($E5 у.е.:$E6 у.е.4)=0,"",E28/MAX($E5 у.е.:$E6 у.е.4)*100)) | G28: =IF(COUNT(D28,F28)=0,"",IF(COUNT(D28,F28)=2,D28*Настройки!$B4 у.е.+F28*Настройки!$B5 у.е.,IF(D28<>"",D28,F28))) | H28: =IF(OR(G28="",COUNT($G5 у.е.:G28)<12),"",AVERAGE(G17:G28)) | I28: =IF(OR(G28="",H28="",H28=0),"",G28/H28) | J28: =IF(OR(G28="",IFERROR(VLOOKUP(B28,Сезонность!$A4 у.е.:$D1 у.е.5,4,FALSE),0)=0),"",G28/IFERROR(VLOOKUP(B28,Сезонность!$A4 у.е.:$D1 у.е.5,4,FALSE),1)) | K28: =IF(OR(G28="",H28="",H28=0,IFERROR(VLOOKUP(B28,Сезонность!$A4 у.е.:$D1 у.е.5,4,FALSE),0)=0),"",G28/(H28*IFERROR(VLOOKUP(B28,Сезонность!$A4 у.е.:$D1 у.е.5,4,FALSE),1))) | L28: =IF(K28="","",IF(K28<Настройки!$B1 у.е.1,"ниже тренда",IF(K28>Настройки!$B1 у.е.2,"выше тренда","норма"))) | M28: =IF(L28="","",IF(L28="ниже тренда","возможное ослабление интереса",IF(L28="выше тренда","возможная фаза повышенного интереса","без выраженного отклонения"))) | N28: =IF(G28="","",COUNT($G5 у.е.:G28))
A29: =IF(Ввод_данных!A29="","",Ввод_данных!A29) | B29: =IF(A29="","",MONTH(A29)) | C29: =IF(A29="","",CHOOSE(MONTH(A29),"январь","февраль","март","апрель","май","июнь","июль","август","сентябрь","октябрь","ноябрь","декабрь")) | D29: =IF(Ввод_данных!C29="","",Ввод_данных!C29) | E29: =IF(Ввод_данных!D29="","",Ввод_данных!D29) | F29: =IF(E29="","",IF(MAX($E5 у.е.:$E6 у.е.4)=0,"",E29/MAX($E5 у.е.:$E6 у.е.4)*100)) | G29: =IF(COUNT(D29,F29)=0,"",IF(COUNT(D29,F29)=2,D29*Настройки!$B4 у.е.+F29*Настройки!$B5 у.е.,IF(D29<>"",D29,F29))) | H29: =IF(OR(G29="",COUNT($G5 у.е.:G29)<12),"",AVERAGE(G18:G29)) | I29: =IF(OR(G29="",H29="",H29=0),"",G29/H29) | J29: =IF(OR(G29="",IFERROR(VLOOKUP(B29,Сезонность!$A4 у.е.:$D1 у.е.5,4,FALSE),0)=0),"",G29/IFERROR(VLOOKUP(B29,Сезонность!$A4 у.е.:$D1 у.е.5,4,FALSE),1)) | K29: =IF(OR(G29="",H29="",H29=0,IFERROR(VLOOKUP(B29,Сезонность!$A4 у.е.:$D1 у.е.5,4,FALSE),0)=0),"",G29/(H29*IFERROR(VLOOKUP(B29,Сезонность!$A4 у.е.:$D1 у.е.5,4,FALSE),1))) | L29: =IF(K29="","",IF(K29<Настройки!$B1 у.е.1,"ниже тренда",IF(K29>Настройки!$B1 у.е.2,"выше тренда","норма"))) | M29: =IF(L29="","",IF(L29="ниже тренда","возможное ослабление интереса",IF(L29="выше тренда","возможная фаза повышенного интереса","без выраженного отклонения"))) | N29: =IF(G29="","",COUNT($G5 у.е.:G29))
A30: =IF(Ввод_данных!A30="","",Ввод_данных!A30) | B30: =IF(A30="","",MONTH(A30)) | C30: =IF(A30="","",CHOOSE(MONTH(A30),"январь","февраль","март","апрель","май","июнь","июль","август","сентябрь","октябрь","ноябрь","декабрь")) | D30: =IF(Ввод_данных!C30="","",Ввод_данных!C30) | E30: =IF(Ввод_данных!D30="","",Ввод_данных!D30) | F30: =IF(E30="","",IF(MAX($E5 у.е.:$E6 у.е.4)=0,"",E30/MAX($E5 у.е.:$E6 у.е.4)*100)) | G30: =IF(COUNT(D30,F30)=0,"",IF(COUNT(D30,F30)=2,D30*Настройки!$B4 у.е.+F30*Настройки!$B5 у.е.,IF(D30<>"",D30,F30))) | H30: =IF(OR(G30="",COUNT($G5 у.е.:G30)<12),"",AVERAGE(G19:G30)) | I30: =IF(OR(G30="",H30="",H30=0),"",G30/H30) | J30: =IF(OR(G30="",IFERROR(VLOOKUP(B30,Сезонность!$A4 у.е.:$D1 у.е.5,4,FALSE),0)=0),"",G30/IFERROR(VLOOKUP(B30,Сезонность!$A4 у.е.:$D1 у.е.5,4,FALSE),1)) | K30: =IF(OR(G30="",H30="",H30=0,IFERROR(VLOOKUP(B30,Сезонность!$A4 у.е.:$D1 у.е.5,4,FALSE),0)=0),"",G30/(H30*IFERROR(VLOOKUP(B30,Сезонность!$A4 у.е.:$D1 у.е.5,4,FALSE),1))) | L30: =IF(K30="","",IF(K30<Настройки!$B1 у.е.1,"ниже тренда",IF(K30>Настройки!$B1 у.е.2,"выше тренда","норма"))) | M30: =IF(L30="","",IF(L30="ниже тренда","возможное ослабление интереса",IF(L30="выше тренда","возможная фаза повышенного интереса","без выраженного отклонения"))) | N30: =IF(G30="","",COUNT($G5 у.е.:G30))
A31: =IF(Ввод_данных!A31="","",Ввод_данных!A31) | B31: =IF(A31="","",MONTH(A31)) | C31: =IF(A31="","",CHOOSE(MONTH(A31),"январь","февраль","март","апрель","май","июнь","июль","август","сентябрь","октябрь","ноябрь","декабрь")) | D31: =IF(Ввод_данных!C31="","",Ввод_данных!C31) | E31: =IF(Ввод_данных!D31="","",Ввод_данных!D31) | F31: =IF(E31="","",IF(MAX($E5 у.е.:$E6 у.е.4)=0,"",E31/MAX($E5 у.е.:$E6 у.е.4)*100)) | G31: =IF(COUNT(D31,F31)=0,"",IF(COUNT(D31,F31)=2,D31*Настройки!$B4 у.е.+F31*Настройки!$B5 у.е.,IF(D31<>"",D31,F31))) | H31: =IF(OR(G31="",COUNT($G5 у.е.:G31)<12),"",AVERAGE(G20:G31)) | I31: =IF(OR(G31="",H31="",H31=0),"",G31/H31) | J31: =IF(OR(G31="",IFERROR(VLOOKUP(B31,Сезонность!$A4 у.е.:$D1 у.е.5,4,FALSE),0)=0),"",G31/IFERROR(VLOOKUP(B31,Сезонность!$A4 у.е.:$D1 у.е.5,4,FALSE),1)) | K31: =IF(OR(G31="",H31="",H31=0,IFERROR(VLOOKUP(B31,Сезонность!$A4 у.е.:$D1 у.е.5,4,FALSE),0)=0),"",G31/(H31*IFERROR(VLOOKUP(B31,Сезонность!$A4 у.е.:$D1 у.е.5,4,FALSE),1))) | L31: =IF(K31="","",IF(K31<Настройки!$B1 у.е.1,"ниже тренда",IF(K31>Настройки!$B1 у.е.2,"выше тренда","норма"))) | M31: =IF(L31="","",IF(L31="ниже тренда","возможное ослабление интереса",IF(L31="выше тренда","возможная фаза повышенного интереса","без выраженного отклонения"))) | N31: =IF(G31="","",COUNT($G5 у.е.:G31))
A32: =IF(Ввод_данных!A32="","",Ввод_данных!A32) | B32: =IF(A32="","",MONTH(A32)) | C32: =IF(A32="","",CHOOSE(MONTH(A32),"январь","февраль","март","апрель","май","июнь","июль","август","сентябрь","октябрь","ноябрь","декабрь")) | D32: =IF(Ввод_данных!C32="","",Ввод_данных!C32) | E32: =IF(Ввод_данных!D32="","",Ввод_данных!D32) | F32: =IF(E32="","",IF(MAX($E5 у.е.:$E6 у.е.4)=0,"",E32/MAX($E5 у.е.:$E6 у.е.4)*100)) | G32: =IF(COUNT(D32,F32)=0,"",IF(COUNT(D32,F32)=2,D32*Настройки!$B4 у.е.+F32*Настройки!$B5 у.е.,IF(D32<>"",D32,F32))) | H32: =IF(OR(G32="",COUNT($G5 у.е.:G32)<12),"",AVERAGE(G21:G32)) | I32: =IF(OR(G32="",H32="",H32=0),"",G32/H32) | J32: =IF(OR(G32="",IFERROR(VLOOKUP(B32,Сезонность!$A4 у.е.:$D1 у.е.5,4,FALSE),0)=0),"",G32/IFERROR(VLOOKUP(B32,Сезонность!$A4 у.е.:$D1 у.е.5,4,FALSE),1)) | K32: =IF(OR(G32="",H32="",H32=0,IFERROR(VLOOKUP(B32,Сезонность!$A4 у.е.:$D1 у.е.5,4,FALSE),0)=0),"",G32/(H32*IFERROR(VLOOKUP(B32,Сезонность!$A4 у.е.:$D1 у.е.5,4,FALSE),1))) | L32: =IF(K32="","",IF(K32<Настройки!$B1 у.е.1,"ниже тренда",IF(K32>Настройки!$B1 у.е.2,"выше тренда","норма"))) | M32: =IF(L32="","",IF(L32="ниже тренда","возможное ослабление интереса",IF(L32="выше тренда","возможная фаза повышенного интереса","без выраженного отклонения"))) | N32: =IF(G32="","",COUNT($G5 у.е.:G32))
A33: =IF(Ввод_данных!A33="","",Ввод_данных!A33) | B33: =IF(A33="","",MONTH(A33)) | C33: =IF(A33="","",CHOOSE(MONTH(A33),"январь","февраль","март","апрель","май","июнь","июль","август","сентябрь","октябрь","ноябрь","декабрь")) | D33: =IF(Ввод_данных!C33="","",Ввод_данных!C33) | E33: =IF(Ввод_данных!D33="","",Ввод_данных!D33) | F33: =IF(E33="","",IF(MAX($E5 у.е.:$E6 у.е.4)=0,"",E33/MAX($E5 у.е.:$E6 у.е.4)*100)) | G33: =IF(COUNT(D33,F33)=0,"",IF(COUNT(D33,F33)=2,D33*Настройки!$B4 у.е.+F33*Настройки!$B5 у.е.,IF(D33<>"",D33,F33))) | H33: =IF(OR(G33="",COUNT($G5 у.е.:G33)<12),"",AVERAGE(G22:G33)) | I33: =IF(OR(G33="",H33="",H33=0),"",G33/H33) | J33: =IF(OR(G33="",IFERROR(VLOOKUP(B33,Сезонность!$A4 у.е.:$D1 у.е.5,4,FALSE),0)=0),"",G33/IFERROR(VLOOKUP(B33,Сезонность!$A4 у.е.:$D1 у.е.5,4,FALSE),1)) | K33: =IF(OR(G33="",H33="",H33=0,IFERROR(VLOOKUP(B33,Сезонность!$A4 у.е.:$D1 у.е.5,4,FALSE),0)=0),"",G33/(H33*IFERROR(VLOOKUP(B33,Сезонность!$A4 у.е.:$D1 у.е.5,4,FALSE),1))) | L33: =IF(K33="","",IF(K33<Настройки!$B1 у.е.1,"ниже тренда",IF(K33>Настройки!$B1 у.е.2,"выше тренда","норма"))) | M33: =IF(L33="","",IF(L33="ниже тренда","возможное ослабление интереса",IF(L33="выше тренда","возможная фаза повышенного интереса","без выраженного отклонения"))) | N33: =IF(G33="","",COUNT($G5 у.е.:G33))
A34: =IF(Ввод_данных!A34="","",Ввод_данных!A34) | B34: =IF(A34="","",MONTH(A34)) | C34: =IF(A34="","",CHOOSE(MONTH(A34),"январь","февраль","март","апрель","май","июнь","июль","август","сентябрь","октябрь","ноябрь","декабрь")) | D34: =IF(Ввод_данных!C34="","",Ввод_данных!C34) | E34: =IF(Ввод_данных!D34="","",Ввод_данных!D34) | F34: =IF(E34="","",IF(MAX($E5 у.е.:$E6 у.е.4)=0,"",E34/MAX($E5 у.е.:$E6 у.е.4)*100)) | G34: =IF(COUNT(D34,F34)=0,"",IF(COUNT(D34,F34)=2,D34*Настройки!$B4 у.е.+F34*Настройки!$B5 у.е.,IF(D34<>"",D34,F34))) | H34: =IF(OR(G34="",COUNT($G5 у.е.:G34)<12),"",AVERAGE(G23:G34)) | I34: =IF(OR(G34="",H34="",H34=0),"",G34/H34) | J34: =IF(OR(G34="",IFERROR(VLOOKUP(B34,Сезонность!$A4 у.е.:$D1 у.е.5,4,FALSE),0)=0),"",G34/IFERROR(VLOOKUP(B34,Сезонность!$A4 у.е.:$D1 у.е.5,4,FALSE),1)) | K34: =IF(OR(G34="",H34="",H34=0,IFERROR(VLOOKUP(B34,Сезонность!$A4 у.е.:$D1 у.е.5,4,FALSE),0)=0),"",G34/(H34*IFERROR(VLOOKUP(B34,Сезонность!$A4 у.е.:$D1 у.е.5,4,FALSE),1))) | L34: =IF(K34="","",IF(K34<Настройки!$B1 у.е.1,"ниже тренда",IF(K34>Настройки!$B1 у.е.2,"выше тренда","норма"))) | M34: =IF(L34="","",IF(L34="ниже тренда","возможное ослабление интереса",IF(L34="выше тренда","возможная фаза повышенного интереса","без выраженного отклонения"))) | N34: =IF(G34="","",COUNT($G5 у.е.:G34))
A35: =IF(Ввод_данных!A35="","",Ввод_данных!A35) | B35: =IF(A35="","",MONTH(A35)) | C35: =IF(A35="","",CHOOSE(MONTH(A35),"январь","февраль","март","апрель","май","июнь","июль","август","сентябрь","октябрь","ноябрь","декабрь")) | D35: =IF(Ввод_данных!C35="","",Ввод_данных!C35) | E35: =IF(Ввод_данных!D35="","",Ввод_данных!D35) | F35: =IF(E35="","",IF(MAX($E5 у.е.:$E6 у.е.4)=0,"",E35/MAX($E5 у.е.:$E6 у.е.4)*100)) | G35: =IF(COUNT(D35,F35)=0,"",IF(COUNT(D35,F35)=2,D35*Настройки!$B4 у.е.+F35*Настройки!$B5 у.е.,IF(D35<>"",D35,F35))) | H35: =IF(OR(G35="",COUNT($G5 у.е.:G35)<12),"",AVERAGE(G24:G35)) | I35: =IF(OR(G35="",H35="",H35=0),"",G35/H35) | J35: =IF(OR(G35="",IFERROR(VLOOKUP(B35,Сезонность!$A4 у.е.:$D1 у.е.5,4,FALSE),0)=0),"",G35/IFERROR(VLOOKUP(B35,Сезонность!$A4 у.е.:$D1 у.е.5,4,FALSE),1)) | K35: =IF(OR(G35="",H35="",H35=0,IFERROR(VLOOKUP(B35,Сезонность!$A4 у.е.:$D1 у.е.5,4,FALSE),0)=0),"",G35/(H35*IFERROR(VLOOKUP(B35,Сезонность!$A4 у.е.:$D1 у.е.5,4,FALSE),1))) | L35: =IF(K35="","",IF(K35<Настройки!$B1 у.е.1,"ниже тренда",IF(K35>Настройки!$B1 у.е.2,"выше тренда","норма"))) | M35: =IF(L35="","",IF(L35="ниже тренда","возможное ослабление интереса",IF(L35="выше тренда","возможная фаза повышенного интереса","без выраженного отклонения"))) | N35: =IF(G35="","",COUNT($G5 у.е.:G35))
A36: =IF(Ввод_данных!A36="","",Ввод_данных!A36) | B36: =IF(A36="","",MONTH(A36)) | C36: =IF(A36="","",CHOOSE(MONTH(A36),"январь","февраль","март","апрель","май","июнь","июль","август","сентябрь","октябрь","ноябрь","декабрь")) | D36: =IF(Ввод_данных!C36="","",Ввод_данных!C36) | E36: =IF(Ввод_данных!D36="","",Ввод_данных!D36) | F36: =IF(E36="","",IF(MAX($E5 у.е.:$E6 у.е.4)=0,"",E36/MAX($E5 у.е.:$E6 у.е.4)*100)) | G36: =IF(COUNT(D36,F36)=0,"",IF(COUNT(D36,F36)=2,D36*Настройки!$B4 у.е.+F36*Настройки!$B5 у.е.,IF(D36<>"",D36,F36))) | H36: =IF(OR(G36="",COUNT($G5 у.е.:G36)<12),"",AVERAGE(G25:G36)) | I36: =IF(OR(G36="",H36="",H36=0),"",G36/H36) | J36: =IF(OR(G36="",IFERROR(VLOOKUP(B36,Сезонность!$A4 у.е.:$D1 у.е.5,4,FALSE),0)=0),"",G36/IFERROR(VLOOKUP(B36,Сезонность!$A4 у.е.:$D1 у.е.5,4,FALSE),1)) | K36: =IF(OR(G36="",H36="",H36=0,IFERROR(VLOOKUP(B36,Сезонность!$A4 у.е.:$D1 у.е.5,4,FALSE),0)=0),"",G36/(H36*IFERROR(VLOOKUP(B36,Сезонность!$A4 у.е.:$D1 у.е.5,4,FALSE),1))) | L36: =IF(K36="","",IF(K36<Настройки!$B1 у.е.1,"ниже тренда",IF(K36>Настройки!$B1 у.е.2,"выше тренда","норма"))) | M36: =IF(L36="","",IF(L36="ниже тренда","возможное ослабление интереса",IF(L36="выше тренда","возможная фаза повышенного интереса","без выраженного отклонения"))) | N36: =IF(G36="","",COUNT($G5 у.е.:G36))
A37: =IF(Ввод_данных!A37="","",Ввод_данных!A37) | B37: =IF(A37="","",MONTH(A37)) | C37: =IF(A37="","",CHOOSE(MONTH(A37),"январь","февраль","март","апрель","май","июнь","июль","август","сентябрь","октябрь","ноябрь","декабрь")) | D37: =IF(Ввод_данных!C37="","",Ввод_данных!C37) | E37: =IF(Ввод_данных!D37="","",Ввод_данных!D37) | F37: =IF(E37="","",IF(MAX($E5 у.е.:$E6 у.е.4)=0,"",E37/MAX($E5 у.е.:$E6 у.е.4)*100)) | G37: =IF(COUNT(D37,F37)=0,"",IF(COUNT(D37,F37)=2,D37*Настройки!$B4 у.е.+F37*Настройки!$B5 у.е.,IF(D37<>"",D37,F37))) | H37: =IF(OR(G37="",COUNT($G5 у.е.:G37)<12),"",AVERAGE(G26:G37)) | I37: =IF(OR(G37="",H37="",H37=0),"",G37/H37) | J37: =IF(OR(G37="",IFERROR(VLOOKUP(B37,Сезонность!$A4 у.е.:$D1 у.е.5,4,FALSE),0)=0),"",G37/IFERROR(VLOOKUP(B37,Сезонность!$A4 у.е.:$D1 у.е.5,4,FALSE),1)) | K37: =IF(OR(G37="",H37="",H37=0,IFERROR(VLOOKUP(B37,Сезонность!$A4 у.е.:$D1 у.е.5,4,FALSE),0)=0),"",G37/(H37*IFERROR(VLOOKUP(B37,Сезонность!$A4 у.е.:$D1 у.е.5,4,FALSE),1))) | L37: =IF(K37="","",IF(K37<Настройки!$B1 у.е.1,"ниже тренда",IF(K37>Настройки!$B1 у.е.2,"выше тренда","норма"))) | M37: =IF(L37="","",IF(L37="ниже тренда","возможное ослабление интереса",IF(L37="выше тренда","возможная фаза повышенного интереса","без выраженного отклонения"))) | N37: =IF(G37="","",COUNT($G5 у.е.:G37))
A38: =IF(Ввод_данных!A38="","",Ввод_данных!A38) | B38: =IF(A38="","",MONTH(A38)) | C38: =IF(A38="","",CHOOSE(MONTH(A38),"январь","февраль","март","апрель","май","июнь","июль","август","сентябрь","октябрь","ноябрь","декабрь")) | D38: =IF(Ввод_данных!C38="","",Ввод_данных!C38) | E38: =IF(Ввод_данных!D38="","",Ввод_данных!D38) | F38: =IF(E38="","",IF(MAX($E5 у.е.:$E6 у.е.4)=0,"",E38/MAX($E5 у.е.:$E6 у.е.4)*100)) | G38: =IF(COUNT(D38,F38)=0,"",IF(COUNT(D38,F38)=2,D38*Настройки!$B4 у.е.+F38*Настройки!$B5 у.е.,IF(D38<>"",D38,F38))) | H38: =IF(OR(G38="",COUNT($G5 у.е.:G38)<12),"",AVERAGE(G27:G38)) | I38: =IF(OR(G38="",H38="",H38=0),"",G38/H38) | J38: =IF(OR(G38="",IFERROR(VLOOKUP(B38,Сезонность!$A4 у.е.:$D1 у.е.5,4,FALSE),0)=0),"",G38/IFERROR(VLOOKUP(B38,Сезонность!$A4 у.е.:$D1 у.е.5,4,FALSE),1)) | K38: =IF(OR(G38="",H38="",H38=0,IFERROR(VLOOKUP(B38,Сезонность!$A4 у.е.:$D1 у.е.5,4,FALSE),0)=0),"",G38/(H38*IFERROR(VLOOKUP(B38,Сезонность!$A4 у.е.:$D1 у.е.5,4,FALSE),1))) | L38: =IF(K38="","",IF(K38<Настройки!$B1 у.е.1,"ниже тренда",IF(K38>Настройки!$B1 у.е.2,"выше тренда","норма"))) | M38: =IF(L38="","",IF(L38="ниже тренда","возможное ослабление интереса",IF(L38="выше тренда","возможная фаза повышенного интереса","без выраженного отклонения"))) | N38: =IF(G38="","",COUNT($G5 у.е.:G38))
A39: =IF(Ввод_данных!A39="","",Ввод_данных!A39) | B39: =IF(A39="","",MONTH(A39)) | C39: =IF(A39="","",CHOOSE(MONTH(A39),"январь","февраль","март","апрель","май","июнь","июль","август","сентябрь","октябрь","ноябрь","декабрь")) | D39: =IF(Ввод_данных!C39="","",Ввод_данных!C39) | E39: =IF(Ввод_данных!D39="","",Ввод_данных!D39) | F39: =IF(E39="","",IF(MAX($E5 у.е.:$E6 у.е.4)=0,"",E39/MAX($E5 у.е.:$E6 у.е.4)*100)) | G39: =IF(COUNT(D39,F39)=0,"",IF(COUNT(D39,F39)=2,D39*Настройки!$B4 у.е.+F39*Настройки!$B5 у.е.,IF(D39<>"",D39,F39))) | H39: =IF(OR(G39="",COUNT($G5 у.е.:G39)<12),"",AVERAGE(G28:G39)) | I39: =IF(OR(G39="",H39="",H39=0),"",G39/H39) | J39: =IF(OR(G39="",IFERROR(VLOOKUP(B39,Сезонность!$A4 у.е.:$D1 у.е.5,4,FALSE),0)=0),"",G39/IFERROR(VLOOKUP(B39,Сезонность!$A4 у.е.:$D1 у.е.5,4,FALSE),1)) | K39: =IF(OR(G39="",H39="",H39=0,IFERROR(VLOOKUP(B39,Сезонность!$A4 у.е.:$D1 у.е.5,4,FALSE),0)=0),"",G39/(H39*IFERROR(VLOOKUP(B39,Сезонность!$A4 у.е.:$D1 у.е.5,4,FALSE),1))) | L39: =IF(K39="","",IF(K39<Настройки!$B1 у.е.1,"ниже тренда",IF(K39>Настройки!$B1 у.е.2,"выше тренда","норма"))) | M39: =IF(L39="","",IF(L39="ниже тренда","возможное ослабление интереса",IF(L39="выше тренда","возможная фаза повышенного интереса","без выраженного отклонения"))) | N39: =IF(G39="","",COUNT($G5 у.е.:G39))
A40: =IF(Ввод_данных!A40="","",Ввод_данных!A40) | B40: =IF(A40="","",MONTH(A40)) | C40: =IF(A40="","",CHOOSE(MONTH(A40),"январь","февраль","март","апрель","май","июнь","июль","август","сентябрь","октябрь","ноябрь","декабрь")) | D40: =IF(Ввод_данных!C40="","",Ввод_данных!C40) | E40: =IF(Ввод_данных!D40="","",Ввод_данных!D40) | F40: =IF(E40="","",IF(MAX($E5 у.е.:$E6 у.е.4)=0,"",E40/MAX($E5 у.е.:$E6 у.е.4)*100)) | G40: =IF(COUNT(D40,F40)=0,"",IF(COUNT(D40,F40)=2,D40*Настройки!$B4 у.е.+F40*Настройки!$B5 у.е.,IF(D40<>"",D40,F40))) | H40: =IF(OR(G40="",COUNT($G5 у.е.:G40)<12),"",AVERAGE(G29:G40)) | I40: =IF(OR(G40="",H40="",H40=0),"",G40/H40) | J40: =IF(OR(G40="",IFERROR(VLOOKUP(B40,Сезонность!$A4 у.е.:$D1 у.е.5,4,FALSE),0)=0),"",G40/IFERROR(VLOOKUP(B40,Сезонность!$A4 у.е.:$D1 у.е.5,4,FALSE),1)) | K40: =IF(OR(G40="",H40="",H40=0,IFERROR(VLOOKUP(B40,Сезонность!$A4 у.е.:$D1 у.е.5,4,FALSE),0)=0),"",G40/(H40*IFERROR(VLOOKUP(B40,Сезонность!$A4 у.е.:$D1 у.е.5,4,FALSE),1))) | L40: =IF(K40="","",IF(K40<Настройки!$B1 у.е.1,"ниже тренда",IF(K40>Настройки!$B1 у.е.2,"выше тренда","норма"))) | M40: =IF(L40="","",IF(L40="ниже тренда","возможное ослабление интереса",IF(L40="выше тренда","возможная фаза повышенного интереса","без выраженного отклонения"))) | N40: =IF(G40="","",COUNT($G5 у.е.:G40))
A41: =IF(Ввод_данных!A41="","",Ввод_данных!A41) | B41: =IF(A41="","",MONTH(A41)) | C41: =IF(A41="","",CHOOSE(MONTH(A41),"январь","февраль","март","апрель","май","июнь","июль","август","сентябрь","октябрь","ноябрь","декабрь")) | D41: =IF(Ввод_данных!C41="","",Ввод_данных!C41) | E41: =IF(Ввод_данных!D41="","",Ввод_данных!D41) | F41: =IF(E41="","",IF(MAX($E5 у.е.:$E6 у.е.4)=0,"",E41/MAX($E5 у.е.:$E6 у.е.4)*100)) | G41: =IF(COUNT(D41,F41)=0,"",IF(COUNT(D41,F41)=2,D41*Настройки!$B4 у.е.+F41*Настройки!$B5 у.е.,IF(D41<>"",D41,F41))) | H41: =IF(OR(G41="",COUNT($G5 у.е.:G41)<12),"",AVERAGE(G30:G41)) | I41: =IF(OR(G41="",H41="",H41=0),"",G41/H41) | J41: =IF(OR(G41="",IFERROR(VLOOKUP(B41,Сезонность!$A4 у.е.:$D1 у.е.5,4,FALSE),0)=0),"",G41/IFERROR(VLOOKUP(B41,Сезонность!$A4 у.е.:$D1 у.е.5,4,FALSE),1)) | K41: =IF(OR(G41="",H41="",H41=0,IFERROR(VLOOKUP(B41,Сезонность!$A4 у.е.:$D1 у.е.5,4,FALSE),0)=0),"",G41/(H41*IFERROR(VLOOKUP(B41,Сезонность!$A4 у.е.:$D1 у.е.5,4,FALSE),1))) | L41: =IF(K41="","",IF(K41<Настройки!$B1 у.е.1,"ниже тренда",IF(K41>Настройки!$B1 у.е.2,"выше тренда","норма"))) | M41: =IF(L41="","",IF(L41="ниже тренда","возможное ослабление интереса",IF(L41="выше тренда","возможная фаза повышенного интереса","без выраженного отклонения"))) | N41: =IF(G41="","",COUNT($G5 у.е.:G41))
A42: =IF(Ввод_данных!A42="","",Ввод_данных!A42) | B42: =IF(A42="","",MONTH(A42)) | C42: =IF(A42="","",CHOOSE(MONTH(A42),"январь","февраль","март","апрель","май","июнь","июль","август","сентябрь","октябрь","ноябрь","декабрь")) | D42: =IF(Ввод_данных!C42="","",Ввод_данных!C42) | E42: =IF(Ввод_данных!D42="","",Ввод_данных!D42) | F42: =IF(E42="","",IF(MAX($E5 у.е.:$E6 у.е.4)=0,"",E42/MAX($E5 у.е.:$E6 у.е.4)*100)) | G42: =IF(COUNT(D42,F42)=0,"",IF(COUNT(D42,F42)=2,D42*Настройки!$B4 у.е.+F42*Настройки!$B5 у.е.,IF(D42<>"",D42,F42))) | H42: =IF(OR(G42="",COUNT($G5 у.е.:G42)<12),"",AVERAGE(G31:G42)) | I42: =IF(OR(G42="",H42="",H42=0),"",G42/H42) | J42: =IF(OR(G42="",IFERROR(VLOOKUP(B42,Сезонность!$A4 у.е.:$D1 у.е.5,4,FALSE),0)=0),"",G42/IFERROR(VLOOKUP(B42,Сезонность!$A4 у.е.:$D1 у.е.5,4,FALSE),1)) | K42: =IF(OR(G42="",H42="",H42=0,IFERROR(VLOOKUP(B42,Сезонность!$A4 у.е.:$D1 у.е.5,4,FALSE),0)=0),"",G42/(H42*IFERROR(VLOOKUP(B42,Сезонность!$A4 у.е.:$D1 у.е.5,4,FALSE),1))) | L42: =IF(K42="","",IF(K42<Настройки!$B1 у.е.1,"ниже тренда",IF(K42>Настройки!$B1 у.е.2,"выше тренда","норма"))) | M42: =IF(L42="","",IF(L42="ниже тренда","возможное ослабление интереса",IF(L42="выше тренда","возможная фаза повышенного интереса","без выраженного отклонения"))) | N42: =IF(G42="","",COUNT($G5 у.е.:G42))
A43: =IF(Ввод_данных!A43="","",Ввод_данных!A43) | B43: =IF(A43="","",MONTH(A43)) | C43: =IF(A43="","",CHOOSE(MONTH(A43),"январь","февраль","март","апрель","май","июнь","июль","август","сентябрь","октябрь","ноябрь","декабрь")) | D43: =IF(Ввод_данных!C43="","",Ввод_данных!C43) | E43: =IF(Ввод_данных!D43="","",Ввод_данных!D43) | F43: =IF(E43="","",IF(MAX($E5 у.е.:$E6 у.е.4)=0,"",E43/MAX($E5 у.е.:$E6 у.е.4)*100)) | G43: =IF(COUNT(D43,F43)=0,"",IF(COUNT(D43,F43)=2,D43*Настройки!$B4 у.е.+F43*Настройки!$B5 у.е.,IF(D43<>"",D43,F43))) | H43: =IF(OR(G43="",COUNT($G5 у.е.:G43)<12),"",AVERAGE(G32:G43)) | I43: =IF(OR(G43="",H43="",H43=0),"",G43/H43) | J43: =IF(OR(G43="",IFERROR(VLOOKUP(B43,Сезонность!$A4 у.е.:$D1 у.е.5,4,FALSE),0)=0),"",G43/IFERROR(VLOOKUP(B43,Сезонность!$A4 у.е.:$D1 у.е.5,4,FALSE),1)) | K43: =IF(OR(G43="",H43="",H43=0,IFERROR(VLOOKUP(B43,Сезонность!$A4 у.е.:$D1 у.е.5,4,FALSE),0)=0),"",G43/(H43*IFERROR(VLOOKUP(B43,Сезонность!$A4 у.е.:$D1 у.е.5,4,FALSE),1))) | L43: =IF(K43="","",IF(K43<Настройки!$B1 у.е.1,"ниже тренда",IF(K43>Настройки!$B1 у.е.2,"выше тренда","норма"))) | M43: =IF(L43="","",IF(L43="ниже тренда","возможное ослабление интереса",IF(L43="выше тренда","возможная фаза повышенного интереса","без выраженного отклонения"))) | N43: =IF(G43="","",COUNT($G5 у.е.:G43))
A44: =IF(Ввод_данных!A44="","",Ввод_данных!A44) | B44: =IF(A44="","",MONTH(A44)) | C44: =IF(A44="","",CHOOSE(MONTH(A44),"январь","февраль","март","апрель","май","июнь","июль","август","сентябрь","октябрь","ноябрь","декабрь")) | D44: =IF(Ввод_данных!C44="","",Ввод_данных!C44) | E44: =IF(Ввод_данных!D44="","",Ввод_данных!D44) | F44: =IF(E44="","",IF(MAX($E5 у.е.:$E6 у.е.4)=0,"",E44/MAX($E5 у.е.:$E6 у.е.4)*100)) | G44: =IF(COUNT(D44,F44)=0,"",IF(COUNT(D44,F44)=2,D44*Настройки!$B4 у.е.+F44*Настройки!$B5 у.е.,IF(D44<>"",D44,F44))) | H44: =IF(OR(G44="",COUNT($G5 у.е.:G44)<12),"",AVERAGE(G33:G44)) | I44: =IF(OR(G44="",H44="",H44=0),"",G44/H44) | J44: =IF(OR(G44="",IFERROR(VLOOKUP(B44,Сезонность!$A4 у.е.:$D1 у.е.5,4,FALSE),0)=0),"",G44/IFERROR(VLOOKUP(B44,Сезонность!$A4 у.е.:$D1 у.е.5,4,FALSE),1)) | K44: =IF(OR(G44="",H44="",H44=0,IFERROR(VLOOKUP(B44,Сезонность!$A4 у.е.:$D1 у.е.5,4,FALSE),0)=0),"",G44/(H44*IFERROR(VLOOKUP(B44,Сезонность!$A4 у.е.:$D1 у.е.5,4,FALSE),1))) | L44: =IF(K44="","",IF(K44<Настройки!$B1 у.е.1,"ниже тренда",IF(K44>Настройки!$B1 у.е.2,"выше тренда","норма"))) | M44: =IF(L44="","",IF(L44="ниже тренда","возможное ослабление интереса",IF(L44="выше тренда","возможная фаза повышенного интереса","без выраженного отклонения"))) | N44: =IF(G44="","",COUNT($G5 у.е.:G44))
A45: =IF(Ввод_данных!A45="","",Ввод_данных!A45) | B45: =IF(A45="","",MONTH(A45)) | C45: =IF(A45="","",CHOOSE(MONTH(A45),"январь","февраль","март","апрель","май","июнь","июль","август","сентябрь","октябрь","ноябрь","декабрь")) | D45: =IF(Ввод_данных!C45="","",Ввод_данных!C45) | E45: =IF(Ввод_данных!D45="","",Ввод_данных!D45) | F45: =IF(E45="","",IF(MAX($E5 у.е.:$E6 у.е.4)=0,"",E45/MAX($E5 у.е.:$E6 у.е.4)*100)) | G45: =IF(COUNT(D45,F45)=0,"",IF(COUNT(D45,F45)=2,D45*Настройки!$B4 у.е.+F45*Настройки!$B5 у.е.,IF(D45<>"",D45,F45))) | H45: =IF(OR(G45="",COUNT($G5 у.е.:G45)<12),"",AVERAGE(G34:G45)) | I45: =IF(OR(G45="",H45="",H45=0),"",G45/H45) | J45: =IF(OR(G45="",IFERROR(VLOOKUP(B45,Сезонность!$A4 у.е.:$D1 у.е.5,4,FALSE),0)=0),"",G45/IFERROR(VLOOKUP(B45,Сезонность!$A4 у.е.:$D1 у.е.5,4,FALSE),1)) | K45: =IF(OR(G45="",H45="",H45=0,IFERROR(VLOOKUP(B45,Сезонность!$A4 у.е.:$D1 у.е.5,4,FALSE),0)=0),"",G45/(H45*IFERROR(VLOOKUP(B45,Сезонность!$A4 у.е.:$D1 у.е.5,4,FALSE),1))) | L45: =IF(K45="","",IF(K45<Настройки!$B1 у.е.1,"ниже тренда",IF(K45>Настройки!$B1 у.е.2,"выше тренда","норма"))) | M45: =IF(L45="","",IF(L45="ниже тренда","возможное ослабление интереса",IF(L45="выше тренда","возможная фаза повышенного интереса","без выраженного отклонения"))) | N45: =IF(G45="","",COUNT($G5 у.е.:G45))
A46: =IF(Ввод_данных!A46="","",Ввод_данных!A46) | B46: =IF(A46="","",MONTH(A46)) | C46: =IF(A46="","",CHOOSE(MONTH(A46),"январь","февраль","март","апрель","май","июнь","июль","август","сентябрь","октябрь","ноябрь","декабрь")) | D46: =IF(Ввод_данных!C46="","",Ввод_данных!C46) | E46: =IF(Ввод_данных!D46="","",Ввод_данных!D46) | F46: =IF(E46="","",IF(MAX($E5 у.е.:$E6 у.е.4)=0,"",E46/MAX($E5 у.е.:$E6 у.е.4)*100)) | G46: =IF(COUNT(D46,F46)=0,"",IF(COUNT(D46,F46)=2,D46*Настройки!$B4 у.е.+F46*Настройки!$B5 у.е.,IF(D46<>"",D46,F46))) | H46: =IF(OR(G46="",COUNT($G5 у.е.:G46)<12),"",AVERAGE(G35:G46)) | I46: =IF(OR(G46="",H46="",H46=0),"",G46/H46) | J46: =IF(OR(G46="",IFERROR(VLOOKUP(B46,Сезонность!$A4 у.е.:$D1 у.е.5,4,FALSE),0)=0),"",G46/IFERROR(VLOOKUP(B46,Сезонность!$A4 у.е.:$D1 у.е.5,4,FALSE),1)) | K46: =IF(OR(G46="",H46="",H46=0,IFERROR(VLOOKUP(B46,Сезонность!$A4 у.е.:$D1 у.е.5,4,FALSE),0)=0),"",G46/(H46*IFERROR(VLOOKUP(B46,Сезонность!$A4 у.е.:$D1 у.е.5,4,FALSE),1))) | L46: =IF(K46="","",IF(K46<Настройки!$B1 у.е.1,"ниже тренда",IF(K46>Настройки!$B1 у.е.2,"выше тренда","норма"))) | M46: =IF(L46="","",IF(L46="ниже тренда","возможное ослабление интереса",IF(L46="выше тренда","возможная фаза повышенного интереса","без выраженного отклонения"))) | N46: =IF(G46="","",COUNT($G5 у.е.:G46))
A47: =IF(Ввод_данных!A47="","",Ввод_данных!A47) | B47: =IF(A47="","",MONTH(A47)) | C47: =IF(A47="","",CHOOSE(MONTH(A47),"январь","февраль","март","апрель","май","июнь","июль","август","сентябрь","октябрь","ноябрь","декабрь")) | D47: =IF(Ввод_данных!C47="","",Ввод_данных!C47) | E47: =IF(Ввод_данных!D47="","",Ввод_данных!D47) | F47: =IF(E47="","",IF(MAX($E5 у.е.:$E6 у.е.4)=0,"",E47/MAX($E5 у.е.:$E6 у.е.4)*100)) | G47: =IF(COUNT(D47,F47)=0,"",IF(COUNT(D47,F47)=2,D47*Настройки!$B4 у.е.+F47*Настройки!$B5 у.е.,IF(D47<>"",D47,F47))) | H47: =IF(OR(G47="",COUNT($G5 у.е.:G47)<12),"",AVERAGE(G36:G47)) | I47: =IF(OR(G47="",H47="",H47=0),"",G47/H47) | J47: =IF(OR(G47="",IFERROR(VLOOKUP(B47,Сезонность!$A4 у.е.:$D1 у.е.5,4,FALSE),0)=0),"",G47/IFERROR(VLOOKUP(B47,Сезонность!$A4 у.е.:$D1 у.е.5,4,FALSE),1)) | K47: =IF(OR(G47="",H47="",H47=0,IFERROR(VLOOKUP(B47,Сезонность!$A4 у.е.:$D1 у.е.5,4,FALSE),0)=0),"",G47/(H47*IFERROR(VLOOKUP(B47,Сезонность!$A4 у.е.:$D1 у.е.5,4,FALSE),1))) | L47: =IF(K47="","",IF(K47<Настройки!$B1 у.е.1,"ниже тренда",IF(K47>Настройки!$B1 у.е.2,"выше тренда","норма"))) | M47: =IF(L47="","",IF(L47="ниже тренда","возможное ослабление интереса",IF(L47="выше тренда","возможная фаза повышенного интереса","без выраженного отклонения"))) | N47: =IF(G47="","",COUNT($G5 у.е.:G47))
A48: =IF(Ввод_данных!A48="","",Ввод_данных!A48) | B48: =IF(A48="","",MONTH(A48)) | C48: =IF(A48="","",CHOOSE(MONTH(A48),"январь","февраль","март","апрель","май","июнь","июль","август","сентябрь","октябрь","ноябрь","декабрь")) | D48: =IF(Ввод_данных!C48="","",Ввод_данных!C48) | E48: =IF(Ввод_данных!D48="","",Ввод_данных!D48) | F48: =IF(E48="","",IF(MAX($E5 у.е.:$E6 у.е.4)=0,"",E48/MAX($E5 у.е.:$E6 у.е.4)*100)) | G48: =IF(COUNT(D48,F48)=0,"",IF(COUNT(D48,F48)=2,D48*Настройки!$B4 у.е.+F48*Настройки!$B5 у.е.,IF(D48<>"",D48,F48))) | H48: =IF(OR(G48="",COUNT($G5 у.е.:G48)<12),"",AVERAGE(G37:G48)) | I48: =IF(OR(G48="",H48="",H48=0),"",G48/H48) | J48: =IF(OR(G48="",IFERROR(VLOOKUP(B48,Сезонность!$A4 у.е.:$D1 у.е.5,4,FALSE),0)=0),"",G48/IFERROR(VLOOKUP(B48,Сезонность!$A4 у.е.:$D1 у.е.5,4,FALSE),1)) | K48: =IF(OR(G48="",H48="",H48=0,IFERROR(VLOOKUP(B48,Сезонность!$A4 у.е.:$D1 у.е.5,4,FALSE),0)=0),"",G48/(H48*IFERROR(VLOOKUP(B48,Сезонность!$A4 у.е.:$D1 у.е.5,4,FALSE),1))) | L48: =IF(K48="","",IF(K48<Настройки!$B1 у.е.1,"ниже тренда",IF(K48>Настройки!$B1 у.е.2,"выше тренда","норма"))) | M48: =IF(L48="","",IF(L48="ниже тренда","возможное ослабление интереса",IF(L48="выше тренда","возможная фаза повышенного интереса","без выраженного отклонения"))) | N48: =IF(G48="","",COUNT($G5 у.е.:G48))
A49: =IF(Ввод_данных!A49="","",Ввод_данных!A49) | B49: =IF(A49="","",MONTH(A49)) | C49: =IF(A49="","",CHOOSE(MONTH(A49),"январь","февраль","март","апрель","май","июнь","июль","август","сентябрь","октябрь","ноябрь","декабрь")) | D49: =IF(Ввод_данных!C49="","",Ввод_данных!C49) | E49: =IF(Ввод_данных!D49="","",Ввод_данных!D49) | F49: =IF(E49="","",IF(MAX($E5 у.е.:$E6 у.е.4)=0,"",E49/MAX($E5 у.е.:$E6 у.е.4)*100)) | G49: =IF(COUNT(D49,F49)=0,"",IF(COUNT(D49,F49)=2,D49*Настройки!$B4 у.е.+F49*Настройки!$B5 у.е.,IF(D49<>"",D49,F49))) | H49: =IF(OR(G49="",COUNT($G5 у.е.:G49)<12),"",AVERAGE(G38:G49)) | I49: =IF(OR(G49="",H49="",H49=0),"",G49/H49) | J49: =IF(OR(G49="",IFERROR(VLOOKUP(B49,Сезонность!$A4 у.е.:$D1 у.е.5,4,FALSE),0)=0),"",G49/IFERROR(VLOOKUP(B49,Сезонность!$A4 у.е.:$D1 у.е.5,4,FALSE),1)) | K49: =IF(OR(G49="",H49="",H49=0,IFERROR(VLOOKUP(B49,Сезонность!$A4 у.е.:$D1 у.е.5,4,FALSE),0)=0),"",G49/(H49*IFERROR(VLOOKUP(B49,Сезонность!$A4 у.е.:$D1 у.е.5,4,FALSE),1))) | L49: =IF(K49="","",IF(K49<Настройки!$B1 у.е.1,"ниже тренда",IF(K49>Настройки!$B1 у.е.2,"выше тренда","норма"))) | M49: =IF(L49="","",IF(L49="ниже тренда","возможное ослабление интереса",IF(L49="выше тренда","возможная фаза повышенного интереса","без выраженного отклонения"))) | N49: =IF(G49="","",COUNT($G5 у.е.:G49))
A50: =IF(Ввод_данных!A50="","",Ввод_данных!A50) | B50: =IF(A50="","",MONTH(A50)) | C50: =IF(A50="","",CHOOSE(MONTH(A50),"январь","февраль","март","апрель","май","июнь","июль","август","сентябрь","октябрь","ноябрь","декабрь")) | D50: =IF(Ввод_данных!C50="","",Ввод_данных!C50) | E50: =IF(Ввод_данных!D50="","",Ввод_данных!D50) | F50: =IF(E50="","",IF(MAX($E5 у.е.:$E6 у.е.4)=0,"",E50/MAX($E5 у.е.:$E6 у.е.4)*100)) | G50: =IF(COUNT(D50,F50)=0,"",IF(COUNT(D50,F50)=2,D50*Настройки!$B4 у.е.+F50*Настройки!$B5 у.е.,IF(D50<>"",D50,F50))) | H50: =IF(OR(G50="",COUNT($G5 у.е.:G50)<12),"",AVERAGE(G39:G50)) | I50: =IF(OR(G50="",H50="",H50=0),"",G50/H50) | J50: =IF(OR(G50="",IFERROR(VLOOKUP(B50,Сезонность!$A4 у.е.:$D1 у.е.5,4,FALSE),0)=0),"",G50/IFERROR(VLOOKUP(B50,Сезонность!$A4 у.е.:$D1 у.е.5,4,FALSE),1)) | K50: =IF(OR(G50="",H50="",H50=0,IFERROR(VLOOKUP(B50,Сезонность!$A4 у.е.:$D1 у.е.5,4,FALSE),0)=0),"",G50/(H50*IFERROR(VLOOKUP(B50,Сезонность!$A4 у.е.:$D1 у.е.5,4,FALSE),1))) | L50: =IF(K50="","",IF(K50<Настройки!$B1 у.е.1,"ниже тренда",IF(K50>Настройки!$B1 у.е.2,"выше тренда","норма"))) | M50: =IF(L50="","",IF(L50="ниже тренда","возможное ослабление интереса",IF(L50="выше тренда","возможная фаза повышенного интереса","без выраженного отклонения"))) | N50: =IF(G50="","",COUNT($G5 у.е.:G50))
A51: =IF(Ввод_данных!A51="","",Ввод_данных!A51) | B51: =IF(A51="","",MONTH(A51)) | C51: =IF(A51="","",CHOOSE(MONTH(A51),"январь","февраль","март","апрель","май","июнь","июль","август","сентябрь","октябрь","ноябрь","декабрь")) | D51: =IF(Ввод_данных!C51="","",Ввод_данных!C51) | E51: =IF(Ввод_данных!D51="","",Ввод_данных!D51) | F51: =IF(E51="","",IF(MAX($E5 у.е.:$E6 у.е.4)=0,"",E51/MAX($E5 у.е.:$E6 у.е.4)*100)) | G51: =IF(COUNT(D51,F51)=0,"",IF(COUNT(D51,F51)=2,D51*Настройки!$B4 у.е.+F51*Настройки!$B5 у.е.,IF(D51<>"",D51,F51))) | H51: =IF(OR(G51="",COUNT($G5 у.е.:G51)<12),"",AVERAGE(G40:G51)) | I51: =IF(OR(G51="",H51="",H51=0),"",G51/H51) | J51: =IF(OR(G51="",IFERROR(VLOOKUP(B51,Сезонность!$A4 у.е.:$D1 у.е.5,4,FALSE),0)=0),"",G51/IFERROR(VLOOKUP(B51,Сезонность!$A4 у.е.:$D1 у.е.5,4,FALSE),1)) | K51: =IF(OR(G51="",H51="",H51=0,IFERROR(VLOOKUP(B51,Сезонность!$A4 у.е.:$D1 у.е.5,4,FALSE),0)=0),"",G51/(H51*IFERROR(VLOOKUP(B51,Сезонность!$A4 у.е.:$D1 у.е.5,4,FALSE),1))) | L51: =IF(K51="","",IF(K51<Настройки!$B1 у.е.1,"ниже тренда",IF(K51>Настройки!$B1 у.е.2,"выше тренда","норма"))) | M51: =IF(L51="","",IF(L51="ниже тренда","возможное ослабление интереса",IF(L51="выше тренда","возможная фаза повышенного интереса","без выраженного отклонения"))) | N51: =IF(G51="","",COUNT($G5 у.е.:G51))
A52: =IF(Ввод_данных!A52="","",Ввод_данных!A52) | B52: =IF(A52="","",MONTH(A52)) | C52: =IF(A52="","",CHOOSE(MONTH(A52),"январь","февраль","март","апрель","май","июнь","июль","август","сентябрь","октябрь","ноябрь","декабрь")) | D52: =IF(Ввод_данных!C52="","",Ввод_данных!C52) | E52: =IF(Ввод_данных!D52="","",Ввод_данных!D52) | F52: =IF(E52="","",IF(MAX($E5 у.е.:$E6 у.е.4)=0,"",E52/MAX($E5 у.е.:$E6 у.е.4)*100)) | G52: =IF(COUNT(D52,F52)=0,"",IF(COUNT(D52,F52)=2,D52*Настройки!$B4 у.е.+F52*Настройки!$B5 у.е.,IF(D52<>"",D52,F52))) | H52: =IF(OR(G52="",COUNT($G5 у.е.:G52)<12),"",AVERAGE(G41:G52)) | I52: =IF(OR(G52="",H52="",H52=0),"",G52/H52) | J52: =IF(OR(G52="",IFERROR(VLOOKUP(B52,Сезонность!$A4 у.е.:$D1 у.е.5,4,FALSE),0)=0),"",G52/IFERROR(VLOOKUP(B52,Сезонность!$A4 у.е.:$D1 у.е.5,4,FALSE),1)) | K52: =IF(OR(G52="",H52="",H52=0,IFERROR(VLOOKUP(B52,Сезонность!$A4 у.е.:$D1 у.е.5,4,FALSE),0)=0),"",G52/(H52*IFERROR(VLOOKUP(B52,Сезонность!$A4 у.е.:$D1 у.е.5,4,FALSE),1))) | L52: =IF(K52="","",IF(K52<Настройки!$B1 у.е.1,"ниже тренда",IF(K52>Настройки!$B1 у.е.2,"выше тренда","норма"))) | M52: =IF(L52="","",IF(L52="ниже тренда","возможное ослабление интереса",IF(L52="выше тренда","возможная фаза повышенного интереса","без выраженного отклонения"))) | N52: =IF(G52="","",COUNT($G5 у.е.:G52))
A53: =IF(Ввод_данных!A53="","",Ввод_данных!A53) | B53: =IF(A53="","",MONTH(A53)) | C53: =IF(A53="","",CHOOSE(MONTH(A53),"январь","февраль","март","апрель","май","июнь","июль","август","сентябрь","октябрь","ноябрь","декабрь")) | D53: =IF(Ввод_данных!C53="","",Ввод_данных!C53) | E53: =IF(Ввод_данных!D53="","",Ввод_данных!D53) | F53: =IF(E53="","",IF(MAX($E5 у.е.:$E6 у.е.4)=0,"",E53/MAX($E5 у.е.:$E6 у.е.4)*100)) | G53: =IF(COUNT(D53,F53)=0,"",IF(COUNT(D53,F53)=2,D53*Настройки!$B4 у.е.+F53*Настройки!$B5 у.е.,IF(D53<>"",D53,F53))) | H53: =IF(OR(G53="",COUNT($G5 у.е.:G53)<12),"",AVERAGE(G42:G53)) | I53: =IF(OR(G53="",H53="",H53=0),"",G53/H53) | J53: =IF(OR(G53="",IFERROR(VLOOKUP(B53,Сезонность!$A4 у.е.:$D1 у.е.5,4,FALSE),0)=0),"",G53/IFERROR(VLOOKUP(B53,Сезонность!$A4 у.е.:$D1 у.е.5,4,FALSE),1)) | K53: =IF(OR(G53="",H53="",H53=0,IFERROR(VLOOKUP(B53,Сезонность!$A4 у.е.:$D1 у.е.5,4,FALSE),0)=0),"",G53/(H53*IFERROR(VLOOKUP(B53,Сезонность!$A4 у.е.:$D1 у.е.5,4,FALSE),1))) | L53: =IF(K53="","",IF(K53<Настройки!$B1 у.е.1,"ниже тренда",IF(K53>Настройки!$B1 у.е.2,"выше тренда","норма"))) | M53: =IF(L53="","",IF(L53="ниже тренда","возможное ослабление интереса",IF(L53="выше тренда","возможная фаза повышенного интереса","без выраженного отклонения"))) | N53: =IF(G53="","",COUNT($G5 у.е.:G53))
A54: =IF(Ввод_данных!A54="","",Ввод_данных!A54) | B54: =IF(A54="","",MONTH(A54)) | C54: =IF(A54="","",CHOOSE(MONTH(A54),"январь","февраль","март","апрель","май","июнь","июль","август","сентябрь","октябрь","ноябрь","декабрь")) | D54: =IF(Ввод_данных!C54="","",Ввод_данных!C54) | E54: =IF(Ввод_данных!D54="","",Ввод_данных!D54) | F54: =IF(E54="","",IF(MAX($E5 у.е.:$E6 у.е.4)=0,"",E54/MAX($E5 у.е.:$E6 у.е.4)*100)) | G54: =IF(COUNT(D54,F54)=0,"",IF(COUNT(D54,F54)=2,D54*Настройки!$B4 у.е.+F54*Настройки!$B5 у.е.,IF(D54<>"",D54,F54))) | H54: =IF(OR(G54="",COUNT($G5 у.е.:G54)<12),"",AVERAGE(G43:G54)) | I54: =IF(OR(G54="",H54="",H54=0),"",G54/H54) | J54: =IF(OR(G54="",IFERROR(VLOOKUP(B54,Сезонность!$A4 у.е.:$D1 у.е.5,4,FALSE),0)=0),"",G54/IFERROR(VLOOKUP(B54,Сезонность!$A4 у.е.:$D1 у.е.5,4,FALSE),1)) | K54: =IF(OR(G54="",H54="",H54=0,IFERROR(VLOOKUP(B54,Сезонность!$A4 у.е.:$D1 у.е.5,4,FALSE),0)=0),"",G54/(H54*IFERROR(VLOOKUP(B54,Сезонность!$A4 у.е.:$D1 у.е.5,4,FALSE),1))) | L54: =IF(K54="","",IF(K54<Настройки!$B1 у.е.1,"ниже тренда",IF(K54>Настройки!$B1 у.е.2,"выше тренда","норма"))) | M54: =IF(L54="","",IF(L54="ниже тренда","возможное ослабление интереса",IF(L54="выше тренда","возможная фаза повышенного интереса","без выраженного отклонения"))) | N54: =IF(G54="","",COUNT($G5 у.е.:G54))
A55: =IF(Ввод_данных!A55="","",Ввод_данных!A55) | B55: =IF(A55="","",MONTH(A55)) | C55: =IF(A55="","",CHOOSE(MONTH(A55),"январь","февраль","март","апрель","май","июнь","июль","август","сентябрь","октябрь","ноябрь","декабрь")) | D55: =IF(Ввод_данных!C55="","",Ввод_данных!C55) | E55: =IF(Ввод_данных!D55="","",Ввод_данных!D55) | F55: =IF(E55="","",IF(MAX($E5 у.е.:$E6 у.е.4)=0,"",E55/MAX($E5 у.е.:$E6 у.е.4)*100)) | G55: =IF(COUNT(D55,F55)=0,"",IF(COUNT(D55,F55)=2,D55*Настройки!$B4 у.е.+F55*Настройки!$B5 у.е.,IF(D55<>"",D55,F55))) | H55: =IF(OR(G55="",COUNT($G5 у.е.:G55)<12),"",AVERAGE(G44:G55)) | I55: =IF(OR(G55="",H55="",H55=0),"",G55/H55) | J55: =IF(OR(G55="",IFERROR(VLOOKUP(B55,Сезонность!$A4 у.е.:$D1 у.е.5,4,FALSE),0)=0),"",G55/IFERROR(VLOOKUP(B55,Сезонность!$A4 у.е.:$D1 у.е.5,4,FALSE),1)) | K55: =IF(OR(G55="",H55="",H55=0,IFERROR(VLOOKUP(B55,Сезонность!$A4 у.е.:$D1 у.е.5,4,FALSE),0)=0),"",G55/(H55*IFERROR(VLOOKUP(B55,Сезонность!$A4 у.е.:$D1 у.е.5,4,FALSE),1))) | L55: =IF(K55="","",IF(K55<Настройки!$B1 у.е.1,"ниже тренда",IF(K55>Настройки!$B1 у.е.2,"выше тренда","норма"))) | M55: =IF(L55="","",IF(L55="ниже тренда","возможное ослабление интереса",IF(L55="выше тренда","возможная фаза повышенного интереса","без выраженного отклонения"))) | N55: =IF(G55="","",COUNT($G5 у.е.:G55))
A56: =IF(Ввод_данных!A56="","",Ввод_данных!A56) | B56: =IF(A56="","",MONTH(A56)) | C56: =IF(A56="","",CHOOSE(MONTH(A56),"январь","февраль","март","апрель","май","июнь","июль","август","сентябрь","октябрь","ноябрь","декабрь")) | D56: =IF(Ввод_данных!C56="","",Ввод_данных!C56) | E56: =IF(Ввод_данных!D56="","",Ввод_данных!D56) | F56: =IF(E56="","",IF(MAX($E5 у.е.:$E6 у.е.4)=0,"",E56/MAX($E5 у.е.:$E6 у.е.4)*100)) | G56: =IF(COUNT(D56,F56)=0,"",IF(COUNT(D56,F56)=2,D56*Настройки!$B4 у.е.+F56*Настройки!$B5 у.е.,IF(D56<>"",D56,F56))) | H56: =IF(OR(G56="",COUNT($G5 у.е.:G56)<12),"",AVERAGE(G45:G56)) | I56: =IF(OR(G56="",H56="",H56=0),"",G56/H56) | J56: =IF(OR(G56="",IFERROR(VLOOKUP(B56,Сезонность!$A4 у.е.:$D1 у.е.5,4,FALSE),0)=0),"",G56/IFERROR(VLOOKUP(B56,Сезонность!$A4 у.е.:$D1 у.е.5,4,FALSE),1)) | K56: =IF(OR(G56="",H56="",H56=0,IFERROR(VLOOKUP(B56,Сезонность!$A4 у.е.:$D1 у.е.5,4,FALSE),0)=0),"",G56/(H56*IFERROR(VLOOKUP(B56,Сезонность!$A4 у.е.:$D1 у.е.5,4,FALSE),1))) | L56: =IF(K56="","",IF(K56<Настройки!$B1 у.е.1,"ниже тренда",IF(K56>Настройки!$B1 у.е.2,"выше тренда","норма"))) | M56: =IF(L56="","",IF(L56="ниже тренда","возможное ослабление интереса",IF(L56="выше тренда","возможная фаза повышенного интереса","без выраженного отклонения"))) | N56: =IF(G56="","",COUNT($G5 у.е.:G56))
A57: =IF(Ввод_данных!A57="","",Ввод_данных!A57) | B57: =IF(A57="","",MONTH(A57)) | C57: =IF(A57="","",CHOOSE(MONTH(A57),"январь","февраль","март","апрель","май","июнь","июль","август","сентябрь","октябрь","ноябрь","декабрь")) | D57: =IF(Ввод_данных!C57="","",Ввод_данных!C57) | E57: =IF(Ввод_данных!D57="","",Ввод_данных!D57) | F57: =IF(E57="","",IF(MAX($E5 у.е.:$E6 у.е.4)=0,"",E57/MAX($E5 у.е.:$E6 у.е.4)*100)) | G57: =IF(COUNT(D57,F57)=0,"",IF(COUNT(D57,F57)=2,D57*Настройки!$B4 у.е.+F57*Настройки!$B5 у.е.,IF(D57<>"",D57,F57))) | H57: =IF(OR(G57="",COUNT($G5 у.е.:G57)<12),"",AVERAGE(G46:G57)) | I57: =IF(OR(G57="",H57="",H57=0),"",G57/H57) | J57: =IF(OR(G57="",IFERROR(VLOOKUP(B57,Сезонность!$A4 у.е.:$D1 у.е.5,4,FALSE),0)=0),"",G57/IFERROR(VLOOKUP(B57,Сезонность!$A4 у.е.:$D1 у.е.5,4,FALSE),1)) | K57: =IF(OR(G57="",H57="",H57=0,IFERROR(VLOOKUP(B57,Сезонность!$A4 у.е.:$D1 у.е.5,4,FALSE),0)=0),"",G57/(H57*IFERROR(VLOOKUP(B57,Сезонность!$A4 у.е.:$D1 у.е.5,4,FALSE),1))) | L57: =IF(K57="","",IF(K57<Настройки!$B1 у.е.1,"ниже тренда",IF(K57>Настройки!$B1 у.е.2,"выше тренда","норма"))) | M57: =IF(L57="","",IF(L57="ниже тренда","возможное ослабление интереса",IF(L57="выше тренда","возможная фаза повышенного интереса","без выраженного отклонения"))) | N57: =IF(G57="","",COUNT($G5 у.е.:G57))
A58: =IF(Ввод_данных!A58="","",Ввод_данных!A58) | B58: =IF(A58="","",MONTH(A58)) | C58: =IF(A58="","",CHOOSE(MONTH(A58),"январь","февраль","март","апрель","май","июнь","июль","август","сентябрь","октябрь","ноябрь","декабрь")) | D58: =IF(Ввод_данных!C58="","",Ввод_данных!C58) | E58: =IF(Ввод_данных!D58="","",Ввод_данных!D58) | F58: =IF(E58="","",IF(MAX($E5 у.е.:$E6 у.е.4)=0,"",E58/MAX($E5 у.е.:$E6 у.е.4)*100)) | G58: =IF(COUNT(D58,F58)=0,"",IF(COUNT(D58,F58)=2,D58*Настройки!$B4 у.е.+F58*Настройки!$B5 у.е.,IF(D58<>"",D58,F58))) | H58: =IF(OR(G58="",COUNT($G5 у.е.:G58)<12),"",AVERAGE(G47:G58)) | I58: =IF(OR(G58="",H58="",H58=0),"",G58/H58) | J58: =IF(OR(G58="",IFERROR(VLOOKUP(B58,Сезонность!$A4 у.е.:$D1 у.е.5,4,FALSE),0)=0),"",G58/IFERROR(VLOOKUP(B58,Сезонность!$A4 у.е.:$D1 у.е.5,4,FALSE),1)) | K58: =IF(OR(G58="",H58="",H58=0,IFERROR(VLOOKUP(B58,Сезонность!$A4 у.е.:$D1 у.е.5,4,FALSE),0)=0),"",G58/(H58*IFERROR(VLOOKUP(B58,Сезонность!$A4 у.е.:$D1 у.е.5,4,FALSE),1))) | L58: =IF(K58="","",IF(K58<Настройки!$B1 у.е.1,"ниже тренда",IF(K58>Настройки!$B1 у.е.2,"выше тренда","норма"))) | M58: =IF(L58="","",IF(L58="ниже тренда","возможное ослабление интереса",IF(L58="выше тренда","возможная фаза повышенного интереса","без выраженного отклонения"))) | N58: =IF(G58="","",COUNT($G5 у.е.:G58))
A59: =IF(Ввод_данных!A59="","",Ввод_данных!A59) | B59: =IF(A59="","",MONTH(A59)) | C59: =IF(A59="","",CHOOSE(MONTH(A59),"январь","февраль","март","апрель","май","июнь","июль","август","сентябрь","октябрь","ноябрь","декабрь")) | D59: =IF(Ввод_данных!C59="","",Ввод_данных!C59) | E59: =IF(Ввод_данных!D59="","",Ввод_данных!D59) | F59: =IF(E59="","",IF(MAX($E5 у.е.:$E6 у.е.4)=0,"",E59/MAX($E5 у.е.:$E6 у.е.4)*100)) | G59: =IF(COUNT(D59,F59)=0,"",IF(COUNT(D59,F59)=2,D59*Настройки!$B4 у.е.+F59*Настройки!$B5 у.е.,IF(D59<>"",D59,F59))) | H59: =IF(OR(G59="",COUNT($G5 у.е.:G59)<12),"",AVERAGE(G48:G59)) | I59: =IF(OR(G59="",H59="",H59=0),"",G59/H59) | J59: =IF(OR(G59="",IFERROR(VLOOKUP(B59,Сезонность!$A4 у.е.:$D1 у.е.5,4,FALSE),0)=0),"",G59/IFERROR(VLOOKUP(B59,Сезонность!$A4 у.е.:$D1 у.е.5,4,FALSE),1)) | K59: =IF(OR(G59="",H59="",H59=0,IFERROR(VLOOKUP(B59,Сезонность!$A4 у.е.:$D1 у.е.5,4,FALSE),0)=0),"",G59/(H59*IFERROR(VLOOKUP(B59,Сезонность!$A4 у.е.:$D1 у.е.5,4,FALSE),1))) | L59: =IF(K59="","",IF(K59<Настройки!$B1 у.е.1,"ниже тренда",IF(K59>Настройки!$B1 у.е.2,"выше тренда","норма"))) | M59: =IF(L59="","",IF(L59="ниже тренда","возможное ослабление интереса",IF(L59="выше тренда","возможная фаза повышенного интереса","без выраженного отклонения"))) | N59: =IF(G59="","",COUNT($G5 у.е.:G59))
A60: =IF(Ввод_данных!A60="","",Ввод_данных!A60) | B60: =IF(A60="","",MONTH(A60)) | C60: =IF(A60="","",CHOOSE(MONTH(A60),"январь","февраль","март","апрель","май","июнь","июль","август","сентябрь","октябрь","ноябрь","декабрь")) | D60: =IF(Ввод_данных!C60="","",Ввод_данных!C60) | E60: =IF(Ввод_данных!D60="","",Ввод_данных!D60) | F60: =IF(E60="","",IF(MAX($E5 у.е.:$E6 у.е.4)=0,"",E60/MAX($E5 у.е.:$E6 у.е.4)*100)) | G60: =IF(COUNT(D60,F60)=0,"",IF(COUNT(D60,F60)=2,D60*Настройки!$B4 у.е.+F60*Настройки!$B5 у.е.,IF(D60<>"",D60,F60))) | H60: =IF(OR(G60="",COUNT($G5 у.е.:G60)<12),"",AVERAGE(G49:G60)) | I60: =IF(OR(G60="",H60="",H60=0),"",G60/H60) | J60: =IF(OR(G60="",IFERROR(VLOOKUP(B60,Сезонность!$A4 у.е.:$D1 у.е.5,4,FALSE),0)=0),"",G60/IFERROR(VLOOKUP(B60,Сезонность!$A4 у.е.:$D1 у.е.5,4,FALSE),1)) | K60: =IF(OR(G60="",H60="",H60=0,IFERROR(VLOOKUP(B60,Сезонность!$A4 у.е.:$D1 у.е.5,4,FALSE),0)=0),"",G60/(H60*IFERROR(VLOOKUP(B60,Сезонность!$A4 у.е.:$D1 у.е.5,4,FALSE),1))) | L60: =IF(K60="","",IF(K60<Настройки!$B1 у.е.1,"ниже тренда",IF(K60>Настройки!$B1 у.е.2,"выше тренда","норма"))) | M60: =IF(L60="","",IF(L60="ниже тренда","возможное ослабление интереса",IF(L60="выше тренда","возможная фаза повышенного интереса","без выраженного отклонения"))) | N60: =IF(G60="","",COUNT($G5 у.е.:G60))
A61: =IF(Ввод_данных!A61="","",Ввод_данных!A61) | B61: =IF(A61="","",MONTH(A61)) | C61: =IF(A61="","",CHOOSE(MONTH(A61),"январь","февраль","март","апрель","май","июнь","июль","август","сентябрь","октябрь","ноябрь","декабрь")) | D61: =IF(Ввод_данных!C61="","",Ввод_данных!C61) | E61: =IF(Ввод_данных!D61="","",Ввод_данных!D61) | F61: =IF(E61="","",IF(MAX($E5 у.е.:$E6 у.е.4)=0,"",E61/MAX($E5 у.е.:$E6 у.е.4)*100)) | G61: =IF(COUNT(D61,F61)=0,"",IF(COUNT(D61,F61)=2,D61*Настройки!$B4 у.е.+F61*Настройки!$B5 у.е.,IF(D61<>"",D61,F61))) | H61: =IF(OR(G61="",COUNT($G5 у.е.:G61)<12),"",AVERAGE(G50:G61)) | I61: =IF(OR(G61="",H61="",H61=0),"",G61/H61) | J61: =IF(OR(G61="",IFERROR(VLOOKUP(B61,Сезонность!$A4 у.е.:$D1 у.е.5,4,FALSE),0)=0),"",G61/IFERROR(VLOOKUP(B61,Сезонность!$A4 у.е.:$D1 у.е.5,4,FALSE),1)) | K61: =IF(OR(G61="",H61="",H61=0,IFERROR(VLOOKUP(B61,Сезонность!$A4 у.е.:$D1 у.е.5,4,FALSE),0)=0),"",G61/(H61*IFERROR(VLOOKUP(B61,Сезонность!$A4 у.е.:$D1 у.е.5,4,FALSE),1))) | L61: =IF(K61="","",IF(K61<Настройки!$B1 у.е.1,"ниже тренда",IF(K61>Настройки!$B1 у.е.2,"выше тренда","норма"))) | M61: =IF(L61="","",IF(L61="ниже тренда","возможное ослабление интереса",IF(L61="выше тренда","возможная фаза повышенного интереса","без выраженного отклонения"))) | N61: =IF(G61="","",COUNT($G5 у.е.:G61))
A62: =IF(Ввод_данных!A62="","",Ввод_данных!A62) | B62: =IF(A62="","",MONTH(A62)) | C62: =IF(A62="","",CHOOSE(MONTH(A62),"январь","февраль","март","апрель","май","июнь","июль","август","сентябрь","октябрь","ноябрь","декабрь")) | D62: =IF(Ввод_данных!C62="","",Ввод_данных!C62) | E62: =IF(Ввод_данных!D62="","",Ввод_данных!D62) | F62: =IF(E62="","",IF(MAX($E5 у.е.:$E6 у.е.4)=0,"",E62/MAX($E5 у.е.:$E6 у.е.4)*100)) | G62: =IF(COUNT(D62,F62)=0,"",IF(COUNT(D62,F62)=2,D62*Настройки!$B4 у.е.+F62*Настройки!$B5 у.е.,IF(D62<>"",D62,F62))) | H62: =IF(OR(G62="",COUNT($G5 у.е.:G62)<12),"",AVERAGE(G51:G62)) | I62: =IF(OR(G62="",H62="",H62=0),"",G62/H62) | J62: =IF(OR(G62="",IFERROR(VLOOKUP(B62,Сезонность!$A4 у.е.:$D1 у.е.5,4,FALSE),0)=0),"",G62/IFERROR(VLOOKUP(B62,Сезонность!$A4 у.е.:$D1 у.е.5,4,FALSE),1)) | K62: =IF(OR(G62="",H62="",H62=0,IFERROR(VLOOKUP(B62,Сезонность!$A4 у.е.:$D1 у.е.5,4,FALSE),0)=0),"",G62/(H62*IFERROR(VLOOKUP(B62,Сезонность!$A4 у.е.:$D1 у.е.5,4,FALSE),1))) | L62: =IF(K62="","",IF(K62<Настройки!$B1 у.е.1,"ниже тренда",IF(K62>Настройки!$B1 у.е.2,"выше тренда","норма"))) | M62: =IF(L62="","",IF(L62="ниже тренда","возможное ослабление интереса",IF(L62="выше тренда","возможная фаза повышенного интереса","без выраженного отклонения"))) | N62: =IF(G62="","",COUNT($G5 у.е.:G62))
A63: =IF(Ввод_данных!A63="","",Ввод_данных!A63) | B63: =IF(A63="","",MONTH(A63)) | C63: =IF(A63="","",CHOOSE(MONTH(A63),"январь","февраль","март","апрель","май","июнь","июль","август","сентябрь","октябрь","ноябрь","декабрь")) | D63: =IF(Ввод_данных!C63="","",Ввод_данных!C63) | E63: =IF(Ввод_данных!D63="","",Ввод_данных!D63) | F63: =IF(E63="","",IF(MAX($E5 у.е.:$E6 у.е.4)=0,"",E63/MAX($E5 у.е.:$E6 у.е.4)*100)) | G63: =IF(COUNT(D63,F63)=0,"",IF(COUNT(D63,F63)=2,D63*Настройки!$B4 у.е.+F63*Настройки!$B5 у.е.,IF(D63<>"",D63,F63))) | H63: =IF(OR(G63="",COUNT($G5 у.е.:G63)<12),"",AVERAGE(G52:G63)) | I63: =IF(OR(G63="",H63="",H63=0),"",G63/H63) | J63: =IF(OR(G63="",IFERROR(VLOOKUP(B63,Сезонность!$A4 у.е.:$D1 у.е.5,4,FALSE),0)=0),"",G63/IFERROR(VLOOKUP(B63,Сезонность!$A4 у.е.:$D1 у.е.5,4,FALSE),1)) | K63: =IF(OR(G63="",H63="",H63=0,IFERROR(VLOOKUP(B63,Сезонность!$A4 у.е.:$D1 у.е.5,4,FALSE),0)=0),"",G63/(H63*IFERROR(VLOOKUP(B63,Сезонность!$A4 у.е.:$D1 у.е.5,4,FALSE),1))) | L63: =IF(K63="","",IF(K63<Настройки!$B1 у.е.1,"ниже тренда",IF(K63>Настройки!$B1 у.е.2,"выше тренда","норма"))) | M63: =IF(L63="","",IF(L63="ниже тренда","возможное ослабление интереса",IF(L63="выше тренда","возможная фаза повышенного интереса","без выраженного отклонения"))) | N63: =IF(G63="","",COUNT($G5 у.е.:G63))
A64: =IF(Ввод_данных!A64="","",Ввод_данных!A64) | B64: =IF(A64="","",MONTH(A64)) | C64: =IF(A64="","",CHOOSE(MONTH(A64),"январь","февраль","март","апрель","май","июнь","июль","август","сентябрь","октябрь","ноябрь","декабрь")) | D64: =IF(Ввод_данных!C64="","",Ввод_данных!C64) | E64: =IF(Ввод_данных!D64="","",Ввод_данных!D64) | F64: =IF(E64="","",IF(MAX($E5 у.е.:$E6 у.е.4)=0,"",E64/MAX($E5 у.е.:$E6 у.е.4)*100)) | G64: =IF(COUNT(D64,F64)=0,"",IF(COUNT(D64,F64)=2,D64*Настройки!$B4 у.е.+F64*Настройки!$B5 у.е.,IF(D64<>"",D64,F64))) | H64: =IF(OR(G64="",COUNT($G5 у.е.:G64)<12),"",AVERAGE(G53:G64)) | I64: =IF(OR(G64="",H64="",H64=0),"",G64/H64) | J64: =IF(OR(G64="",IFERROR(VLOOKUP(B64,Сезонность!$A4 у.е.:$D1 у.е.5,4,FALSE),0)=0),"",G64/IFERROR(VLOOKUP(B64,Сезонность!$A4 у.е.:$D1 у.е.5,4,FALSE),1)) | K64: =IF(OR(G64="",H64="",H64=0,IFERROR(VLOOKUP(B64,Сезонность!$A4 у.е.:$D1 у.е.5,4,FALSE),0)=0),"",G64/(H64*IFERROR(VLOOKUP(B64,Сезонность!$A4 у.е.:$D1 у.е.5,4,FALSE),1))) | L64: =IF(K64="","",IF(K64<Настройки!$B1 у.е.1,"ниже тренда",IF(K64>Настройки!$B1 у.е.2,"выше тренда","норма"))) | M64: =IF(L64="","",IF(L64="ниже тренда","возможное ослабление интереса",IF(L64="выше тренда","возможная фаза повышенного интереса","без выраженного отклонения"))) | N64: =IF(G64="","",COUNT($G5 у.е.:G64))

Sheet Сезонность
A1: Расчет сезонных индексов по месяцам
A3: Месяц № | B3: Месяц | C3: Средний Y/T | D3: Сезонный индекс | E3: Отклонение от среднего | F3: Интерпретация
A4: 1 | B4: январь | C4: =IFERROR(SUMIFS(Расчет!$I5 у.е.:$I6 у.е.4,Расчет!$B5 у.е.:$B6 у.е.4,A4)/COUNTIFS(Расчет!$B5 у.е.:$B6 у.е.4,A4,Расчет!$I5 у.е.:$I6 у.е.4,">0"),"") | D4: =IF(C4="","",C4/AVERAGE($C4 у.е.:$C1 у.е.5)) | E4: =IF(D4="","",D4-1) | F4: =IF(D4="","",IF(D4>1.1,"сезонный максимум",IF(D4<0.9,"сезонный минимум","средний сезонный уровень")))
A5: 2 | B5: февраль | C5: =IFERROR(SUMIFS(Расчет!$I5 у.е.:$I6 у.е.4,Расчет!$B5 у.е.:$B6 у.е.4,A5)/COUNTIFS(Расчет!$B5 у.е.:$B6 у.е.4,A5,Расчет!$I5 у.е.:$I6 у.е.4,">0"),"") | D5: =IF(C5="","",C5/AVERAGE($C4 у.е.:$C1 у.е.5)) | E5: =IF(D5="","",D5-1) | F5: =IF(D5="","",IF(D5>1.1,"сезонный максимум",IF(D5<0.9,"сезонный минимум","средний сезонный уровень")))
A6: 3 | B6: март | C6: =IFERROR(SUMIFS(Расчет!$I5 у.е.:$I6 у.е.4,Расчет!$B5 у.е.:$B6 у.е.4,A6)/COUNTIFS(Расчет!$B5 у.е.:$B6 у.е.4,A6,Расчет!$I5 у.е.:$I6 у.е.4,">0"),"") | D6: =IF(C6="","",C6/AVERAGE($C4 у.е.:$C1 у.е.5)) | E6: =IF(D6="","",D6-1) | F6: =IF(D6="","",IF(D6>1.1,"сезонный максимум",IF(D6<0.9,"сезонный минимум","средний сезонный уровень")))
A7: 4 | B7: апрель | C7: =IFERROR(SUMIFS(Расчет!$I5 у.е.:$I6 у.е.4,Расчет!$B5 у.е.:$B6 у.е.4,A7)/COUNTIFS(Расчет!$B5 у.е.:$B6 у.е.4,A7,Расчет!$I5 у.е.:$I6 у.е.4,">0"),"") | D7: =IF(C7="","",C7/AVERAGE($C4 у.е.:$C1 у.е.5)) | E7: =IF(D7="","",D7-1) | F7: =IF(D7="","",IF(D7>1.1,"сезонный максимум",IF(D7<0.9,"сезонный минимум","средний сезонный уровень")))
A8: 5 | B8: май | C8: =IFERROR(SUMIFS(Расчет!$I5 у.е.:$I6 у.е.4,Расчет!$B5 у.е.:$B6 у.е.4,A8)/COUNTIFS(Расчет!$B5 у.е.:$B6 у.е.4,A8,Расчет!$I5 у.е.:$I6 у.е.4,">0"),"") | D8: =IF(C8="","",C8/AVERAGE($C4 у.е.:$C1 у.е.5)) | E8: =IF(D8="","",D8-1) | F8: =IF(D8="","",IF(D8>1.1,"сезонный максимум",IF(D8<0.9,"сезонный минимум","средний сезонный уровень")))
A9: 6 | B9: июнь | C9: =IFERROR(SUMIFS(Расчет!$I5 у.е.:$I6 у.е.4,Расчет!$B5 у.е.:$B6 у.е.4,A9)/COUNTIFS(Расчет!$B5 у.е.:$B6 у.е.4,A9,Расчет!$I5 у.е.:$I6 у.е.4,">0"),"") | D9: =IF(C9="","",C9/AVERAGE($C4 у.е.:$C1 у.е.5)) | E9: =IF(D9="","",D9-1) | F9: =IF(D9="","",IF(D9>1.1,"сезонный максимум",IF(D9<0.9,"сезонный минимум","средний сезонный уровень")))
A10: 7 | B10: июль | C10: =IFERROR(SUMIFS(Расчет!$I5 у.е.:$I6 у.е.4,Расчет!$B5 у.е.:$B6 у.е.4,A10)/COUNTIFS(Расчет!$B5 у.е.:$B6 у.е.4,A10,Расчет!$I5 у.е.:$I6 у.е.4,">0"),"") | D10: =IF(C10="","",C10/AVERAGE($C4 у.е.:$C1 у.е.5)) | E10: =IF(D10="","",D10-1) | F10: =IF(D10="","",IF(D10>1.1,"сезонный максимум",IF(D10<0.9,"сезонный минимум","средний сезонный уровень")))
A11: 8 | B11: август | C11: =IFERROR(SUMIFS(Расчет!$I5 у.е.:$I6 у.е.4,Расчет!$B5 у.е.:$B6 у.е.4,A11)/COUNTIFS(Расчет!$B5 у.е.:$B6 у.е.4,A11,Расчет!$I5 у.е.:$I6 у.е.4,">0"),"") | D11: =IF(C11="","",C11/AVERAGE($C4 у.е.:$C1 у.е.5)) | E11: =IF(D11="","",D11-1) | F11: =IF(D11="","",IF(D11>1.1,"сезонный максимум",IF(D11<0.9,"сезонный минимум","средний сезонный уровень")))
A12: 9 | B12: сентябрь | C12: =IFERROR(SUMIFS(Расчет!$I5 у.е.:$I6 у.е.4,Расчет!$B5 у.е.:$B6 у.е.4,A12)/COUNTIFS(Расчет!$B5 у.е.:$B6 у.е.4,A12,Расчет!$I5 у.е.:$I6 у.е.4,">0"),"") | D12: =IF(C12="","",C12/AVERAGE($C4 у.е.:$C1 у.е.5)) | E12: =IF(D12="","",D12-1) | F12: =IF(D12="","",IF(D12>1.1,"сезонный максимум",IF(D12<0.9,"сезонный минимум","средний сезонный уровень")))
A13: 10 | B13: октябрь | C13: =IFERROR(SUMIFS(Расчет!$I5 у.е.:$I6 у.е.4,Расчет!$B5 у.е.:$B6 у.е.4,A13)/COUNTIFS(Расчет!$B5 у.е.:$B6 у.е.4,A13,Расчет!$I5 у.е.:$I6 у.е.4,">0"),"") | D13: =IF(C13="","",C13/AVERAGE($C4 у.е.:$C1 у.е.5)) | E13: =IF(D13="","",D13-1) | F13: =IF(D13="","",IF(D13>1.1,"сезонный максимум",IF(D13<0.9,"сезонный минимум","средний сезонный уровень")))
A14: 11 | B14: ноябрь | C14: =IFERROR(SUMIFS(Расчет!$I5 у.е.:$I6 у.е.4,Расчет!$B5 у.е.:$B6 у.е.4,A14)/COUNTIFS(Расчет!$B5 у.е.:$B6 у.е.4,A14,Расчет!$I5 у.е.:$I6 у.е.4,">0"),"") | D14: =IF(C14="","",C14/AVERAGE($C4 у.е.:$C1 у.е.5)) | E14: =IF(D14="","",D14-1) | F14: =IF(D14="","",IF(D14>1.1,"сезонный максимум",IF(D14<0.9,"сезонный минимум","средний сезонный уровень")))
A15: 12 | B15: декабрь | C15: =IFERROR(SUMIFS(Расчет!$I5 у.е.:$I6 у.е.4,Расчет!$B5 у.е.:$B6 у.е.4,A15)/COUNTIFS(Расчет!$B5 у.е.:$B6 у.е.4,A15,Расчет!$I5 у.е.:$I6 у.е.4,">0"),"") | D15: =IF(C15="","",C15/AVERAGE($C4 у.е.:$C1 у.е.5)) | E15: =IF(D15="","",D15-1) | F15: =IF(D15="","",IF(D15>1.1,"сезонный максимум",IF(D15<0.9,"сезонный минимум","средний сезонный уровень")))
A18: Показатель | B18: Значение
A19: Максимальный сезонный индекс | B19: =MAX($D4 у.е.:$D1 у.е.5)
A20: Минимальный сезонный индекс | B20: =MIN($D4 у.е.:$D1 у.е.5)
A21: Амплитуда сезонности | B21: =B19-B20
A22: Оценка силы сезонности | B22: =IF(B21>=Настройки!$B7 у.е.,"выраженная сезонность",IF(B21>=Настройки!$B8 у.е.,"умеренная сезонность","слабая сезонность"))
A23: Месяц максимума | B23: =IFERROR(INDEX($B4 у.е.:$B1 у.е.5,MATCH(B19,$D4 у.е.:$D1 у.е.5,0)),"")
A24: Месяц минимума | B24: =IFERROR(INDEX($B4 у.е.:$B1 у.е.5,MATCH(B20,$D4 у.е.:$D1 у.е.5,0)),"")

Sheet Оценка_тренда
A1: Оценка устойчивой динамики интереса
A3: Показатель | B3: Формула / значение | C3: Интерпретация | D3: Комментарий
A4: Количество наблюдений | B4: =COUNT(Расчет!$G5 у.е.:$G6 у.е.4) | C4: минимально желательно не менее 24 месяцев | D4: чем длиннее ряд, тем надежнее оценка
A5: Средний индекс за первые 12 месяцев | B5: =IF(B4<12,"",SUMIFS(Расчет!$G5 у.е.:$G6 у.е.4,Расчет!$N5 у.е.:$N6 у.е.4,">=1",Расчет!$N5 у.е.:$N6 у.е.4,"<=12")/COUNTIFS(Расчет!$N5 у.е.:$N6 у.е.4,">=1",Расчет!$N5 у.е.:$N6 у.е.4,"<=12")) | C5: исходный уровень интереса | D5: используется для сравнения с последним годом
A6: Средний индекс за последние 12 месяцев | B6: =IF(B4<12,"",SUMIFS(Расчет!$G5 у.е.:$G6 у.е.4,Расчет!$N5 у.е.:$N6 у.е.4,">="&B4-11,Расчет!$N5 у.е.:$N6 у.е.4,"<="&B4)/COUNTIFS(Расчет!$N5 у.е.:$N6 у.е.4,">="&B4-11,Расчет!$N5 у.е.:$N6 у.е.4,"<="&B4)) | C6: текущий уровень интереса | D6: сравнивается с первым годом
A7: Абсолютное изменение | B7: =IF(OR(B5="",B6=""),"",B6-B5) | C7: последние 12 месяцев минус первые 12 месяцев | D7: положительное значение означает рост
A8: Относительное изменение | B8: =IF(OR(B5="",B6=""),"",B7/B5) | C8: темп изменения среднего уровня | D8: ключевой показатель тренда
A9: Наклон линейного тренда | B9: =IFERROR(SLOPE(Расчет!$G5 у.е.:$G6 у.е.4,Расчет!$N5 у.е.:$N6 у.е.4),"") | C9: среднее изменение за месяц | D9: дополнительная оценка направления
A10: Классификация тренда | B10: =IF(B8="","",IF(B8>=Настройки!$B1 у.е.0,"растущий тренд",IF(B8<=Настройки!$B9 у.е.,"снижающийся тренд","стабильный тренд"))) | C10: растущий / стабильный / снижающийся | D10: по порогам на листе «Настройки»
A11: Управленческий вывод | B11: =IF(B10="","Недостаточно данных",IF(B10="растущий тренд","Интерес аудитории растет; бизнес-идея может быть дополнительно проверена на платежеспособный спрос.",IF(B10="снижающийся тренд","Интерес аудитории снижается; требуется осторожная проверка ниши, сегмента и каналов продвижения.","Интерес аудитории относительно стабилен; целесообразно изучить структуру спроса, конкурентов и целевые сегменты."))) | C11: готовая формулировка для отчета | D11: используется в обосновании бизнес-идеи

Sheet Деловые_циклы
A1: Оценка циклических отклонений и фаз спроса
A2: Важно: данные Google Trends и Яндекс Вордстат не измеряют макроэкономический деловой цикл напрямую. В таблице оценивается поисковый цикл спроса: периоды, когда интерес находится выше или ниже трендово-сезонного уровня
A4: Показатель | B4: Значение
A5: Последний период | B5: =IFERROR(INDEX(Расчет!$A5 у.е.:$A6 у.е.4,Оценка_тренда!$B4 у.е.),"")
A6: Текущий циклический коэффициент | B6: =IFERROR(INDEX(Расчет!$K5 у.е.:$K6 у.е.4,Оценка_тренда!$B4 у.е.),"")
A7: Текущая фаза | B7: =IFERROR(INDEX(Расчет!$L5 у.е.:$L6 у.е.4,Оценка_тренда!$B4 у.е.),"")
A8: Минимальный коэффициент | B8: =MIN(Расчет!$K5 у.е.:$K6 у.е.4)
A9: Максимальный коэффициент | B9: =MAX(Расчет!$K5 у.е.:$K6 у.е.4)
A10: Амплитуда циклических колебаний | B10: =B9-B8
A13: Период | B13: Сводный индекс | C13: Тренд | D13: Сезонный индекс | E13: Сезонно очищенный индекс | F13: Циклический коэффициент | G13: Фаза | H13: Практическое значение
A14: =Расчет!A5 | B14: =Расчет!G5 | C14: =Расчет!H5 | D14: =IFERROR(VLOOKUP(Расчет!B5,Сезонность!$A4 у.е.:$D1 у.е.5,4,FALSE),"") | E14: =Расчет!J5 | F14: =Расчет!K5 | G14: =Расчет!L5 | H14: =IF(G14="","",IF(G14="ниже тренда","период осторожного планирования продаж и бюджета",IF(G14="выше тренда","период активизации продвижения и продаж","обычный режим анализа спроса")))
A15: =Расчет!A6 | B15: =Расчет!G6 | C15: =Расчет!H6 | D15: =IFERROR(VLOOKUP(Расчет!B6,Сезонность!$A4 у.е.:$D1 у.е.5,4,FALSE),"") | E15: =Расчет!J6 | F15: =Расчет!K6 | G15: =Расчет!L6 | H15: =IF(G15="","",IF(G15="ниже тренда","период осторожного планирования продаж и бюджета",IF(G15="выше тренда","период активизации продвижения и продаж","обычный режим анализа спроса")))
A16: =Расчет!A7 | B16: =Расчет!G7 | C16: =Расчет!H7 | D16: =IFERROR(VLOOKUP(Расчет!B7,Сезонность!$A4 у.е.:$D1 у.е.5,4,FALSE),"") | E16: =Расчет!J7 | F16: =Расчет!K7 | G16: =Расчет!L7 | H16: =IF(G16="","",IF(G16="ниже тренда","период осторожного планирования продаж и бюджета",IF(G16="выше тренда","период активизации продвижения и продаж","обычный режим анализа спроса")))
A17: =Расчет!A8 | B17: =Расчет!G8 | C17: =Расчет!H8 | D17: =IFERROR(VLOOKUP(Расчет!B8,Сезонность!$A4 у.е.:$D1 у.е.5,4,FALSE),"") | E17: =Расчет!J8 | F17: =Расчет!K8 | G17: =Расчет!L8 | H17: =IF(G17="","",IF(G17="ниже тренда","период осторожного планирования продаж и бюджета",IF(G17="выше тренда","период активизации продвижения и продаж","обычный режим анализа спроса")))
A18: =Расчет!A9 | B18: =Расчет!G9 | C18: =Расчет!H9 | D18: =IFERROR(VLOOKUP(Расчет!B9,Сезонность!$A4 у.е.:$D1 у.е.5,4,FALSE),"") | E18: =Расчет!J9 | F18: =Расчет!K9 | G18: =Расчет!L9 | H18: =IF(G18="","",IF(G18="ниже тренда","период осторожного планирования продаж и бюджета",IF(G18="выше тренда","период активизации продвижения и продаж","обычный режим анализа спроса")))
A19: =Расчет!A10 | B19: =Расчет!G10 | C19: =Расчет!H10 | D19: =IFERROR(VLOOKUP(Расчет!B10,Сезонность!$A4 у.е.:$D1 у.е.5,4,FALSE),"") | E19: =Расчет!J10 | F19: =Расчет!K10 | G19: =Расчет!L10 | H19: =IF(G19="","",IF(G19="ниже тренда","период осторожного планирования продаж и бюджета",IF(G19="выше тренда","период активизации продвижения и продаж","обычный режим анализа спроса")))
A20: =Расчет!A11 | B20: =Расчет!G11 | C20: =Расчет!H11 | D20: =IFERROR(VLOOKUP(Расчет!B11,Сезонность!$A4 у.е.:$D1 у.е.5,4,FALSE),"") | E20: =Расчет!J11 | F20: =Расчет!K11 | G20: =Расчет!L11 | H20: =IF(G20="","",IF(G20="ниже тренда","период осторожного планирования продаж и бюджета",IF(G20="выше тренда","период активизации продвижения и продаж","обычный режим анализа спроса")))
A21: =Расчет!A12 | B21: =Расчет!G12 | C21: =Расчет!H12 | D21: =IFERROR(VLOOKUP(Расчет!B12,Сезонность!$A4 у.е.:$D1 у.е.5,4,FALSE),"") | E21: =Расчет!J12 | F21: =Расчет!K12 | G21: =Расчет!L12 | H21: =IF(G21="","",IF(G21="ниже тренда","период осторожного планирования продаж и бюджета",IF(G21="выше тренда","период активизации продвижения и продаж","обычный режим анализа спроса")))
A22: =Расчет!A13 | B22: =Расчет!G13 | C22: =Расчет!H13 | D22: =IFERROR(VLOOKUP(Расчет!B13,Сезонность!$A4 у.е.:$D1 у.е.5,4,FALSE),"") | E22: =Расчет!J13 | F22: =Расчет!K13 | G22: =Расчет!L13 | H22: =IF(G22="","",IF(G22="ниже тренда","период осторожного планирования продаж и бюджета",IF(G22="выше тренда","период активизации продвижения и продаж","обычный режим анализа спроса")))
A23: =Расчет!A14 | B23: =Расчет!G14 | C23: =Расчет!H14 | D23: =IFERROR(VLOOKUP(Расчет!B14,Сезонность!$A4 у.е.:$D1 у.е.5,4,FALSE),"") | E23: =Расчет!J14 | F23: =Расчет!K14 | G23: =Расчет!L14 | H23: =IF(G23="","",IF(G23="ниже тренда","период осторожного планирования продаж и бюджета",IF(G23="выше тренда","период активизации продвижения и продаж","обычный режим анализа спроса")))
A24: =Расчет!A15 | B24: =Расчет!G15 | C24: =Расчет!H15 | D24: =IFERROR(VLOOKUP(Расчет!B15,Сезонность!$A4 у.е.:$D1 у.е.5,4,FALSE),"") | E24: =Расчет!J15 | F24: =Расчет!K15 | G24: =Расчет!L15 | H24: =IF(G24="","",IF(G24="ниже тренда","период осторожного планирования продаж и бюджета",IF(G24="выше тренда","период активизации продвижения и продаж","обычный режим анализа спроса")))
A25: =Расчет!A16 | B25: =Расчет!G16 | C25: =Расчет!H16 | D25: =IFERROR(VLOOKUP(Расчет!B16,Сезонность!$A4 у.е.:$D1 у.е.5,4,FALSE),"") | E25: =Расчет!J16 | F25: =Расчет!K16 | G25: =Расчет!L16 | H25: =IF(G25="","",IF(G25="ниже тренда","период осторожного планирования продаж и бюджета",IF(G25="выше тренда","период активизации продвижения и продаж","обычный режим анализа спроса")))
A26: =Расчет!A17 | B26: =Расчет!G17 | C26: =Расчет!H17 | D26: =IFERROR(VLOOKUP(Расчет!B17,Сезонность!$A4 у.е.:$D1 у.е.5,4,FALSE),"") | E26: =Расчет!J17 | F26: =Расчет!K17 | G26: =Расчет!L17 | H26: =IF(G26="","",IF(G26="ниже тренда","период осторожного планирования продаж и бюджета",IF(G26="выше тренда","период активизации продвижения и продаж","обычный режим анализа спроса")))
A27: =Расчет!A18 | B27: =Расчет!G18 | C27: =Расчет!H18 | D27: =IFERROR(VLOOKUP(Расчет!B18,Сезонность!$A4 у.е.:$D1 у.е.5,4,FALSE),"") | E27: =Расчет!J18 | F27: =Расчет!K18 | G27: =Расчет!L18 | H27: =IF(G27="","",IF(G27="ниже тренда","период осторожного планирования продаж и бюджета",IF(G27="выше тренда","период активизации продвижения и продаж","обычный режим анализа спроса")))
A28: =Расчет!A19 | B28: =Расчет!G19 | C28: =Расчет!H19 | D28: =IFERROR(VLOOKUP(Расчет!B19,Сезонность!$A4 у.е.:$D1 у.е.5,4,FALSE),"") | E28: =Расчет!J19 | F28: =Расчет!K19 | G28: =Расчет!L19 | H28: =IF(G28="","",IF(G28="ниже тренда","период осторожного планирования продаж и бюджета",IF(G28="выше тренда","период активизации продвижения и продаж","обычный режим анализа спроса")))
A29: =Расчет!A20 | B29: =Расчет!G20 | C29: =Расчет!H20 | D29: =IFERROR(VLOOKUP(Расчет!B20,Сезонность!$A4 у.е.:$D1 у.е.5,4,FALSE),"") | E29: =Расчет!J20 | F29: =Расчет!K20 | G29: =Расчет!L20 | H29: =IF(G29="","",IF(G29="ниже тренда","период осторожного планирования продаж и бюджета",IF(G29="выше тренда","период активизации продвижения и продаж","обычный режим анализа спроса")))
A30: =Расчет!A21 | B30: =Расчет!G21 | C30: =Расчет!H21 | D30: =IFERROR(VLOOKUP(Расчет!B21,Сезонность!$A4 у.е.:$D1 у.е.5,4,FALSE),"") | E30: =Расчет!J21 | F30: =Расчет!K21 | G30: =Расчет!L21 | H30: =IF(G30="","",IF(G30="ниже тренда","период осторожного планирования продаж и бюджета",IF(G30="выше тренда","период активизации продвижения и продаж","обычный режим анализа спроса")))
A31: =Расчет!A22 | B31: =Расчет!G22 | C31: =Расчет!H22 | D31: =IFERROR(VLOOKUP(Расчет!B22,Сезонность!$A4 у.е.:$D1 у.е.5,4,FALSE),"") | E31: =Расчет!J22 | F31: =Расчет!K22 | G31: =Расчет!L22 | H31: =IF(G31="","",IF(G31="ниже тренда","период осторожного планирования продаж и бюджета",IF(G31="выше тренда","период активизации продвижения и продаж","обычный режим анализа спроса")))
A32: =Расчет!A23 | B32: =Расчет!G23 | C32: =Расчет!H23 | D32: =IFERROR(VLOOKUP(Расчет!B23,Сезонность!$A4 у.е.:$D1 у.е.5,4,FALSE),"") | E32: =Расчет!J23 | F32: =Расчет!K23 | G32: =Расчет!L23 | H32: =IF(G32="","",IF(G32="ниже тренда","период осторожного планирования продаж и бюджета",IF(G32="выше тренда","период активизации продвижения и продаж","обычный режим анализа спроса")))
A33: =Расчет!A24 | B33: =Расчет!G24 | C33: =Расчет!H24 | D33: =IFERROR(VLOOKUP(Расчет!B24,Сезонность!$A4 у.е.:$D1 у.е.5,4,FALSE),"") | E33: =Расчет!J24 | F33: =Расчет!K24 | G33: =Расчет!L24 | H33: =IF(G33="","",IF(G33="ниже тренда","период осторожного планирования продаж и бюджета",IF(G33="выше тренда","период активизации продвижения и продаж","обычный режим анализа спроса")))
A34: =Расчет!A25 | B34: =Расчет!G25 | C34: =Расчет!H25 | D34: =IFERROR(VLOOKUP(Расчет!B25,Сезонность!$A4 у.е.:$D1 у.е.5,4,FALSE),"") | E34: =Расчет!J25 | F34: =Расчет!K25 | G34: =Расчет!L25 | H34: =IF(G34="","",IF(G34="ниже тренда","период осторожного планирования продаж и бюджета",IF(G34="выше тренда","период активизации продвижения и продаж","обычный режим анализа спроса")))
A35: =Расчет!A26 | B35: =Расчет!G26 | C35: =Расчет!H26 | D35: =IFERROR(VLOOKUP(Расчет!B26,Сезонность!$A4 у.е.:$D1 у.е.5,4,FALSE),"") | E35: =Расчет!J26 | F35: =Расчет!K26 | G35: =Расчет!L26 | H35: =IF(G35="","",IF(G35="ниже тренда","период осторожного планирования продаж и бюджета",IF(G35="выше тренда","период активизации продвижения и продаж","обычный режим анализа спроса")))
A36: =Расчет!A27 | B36: =Расчет!G27 | C36: =Расчет!H27 | D36: =IFERROR(VLOOKUP(Расчет!B27,Сезонность!$A4 у.е.:$D1 у.е.5,4,FALSE),"") | E36: =Расчет!J27 | F36: =Расчет!K27 | G36: =Расчет!L27 | H36: =IF(G36="","",IF(G36="ниже тренда","период осторожного планирования продаж и бюджета",IF(G36="выше тренда","период активизации продвижения и продаж","обычный режим анализа спроса")))
A37: =Расчет!A28 | B37: =Расчет!G28 | C37: =Расчет!H28 | D37: =IFERROR(VLOOKUP(Расчет!B28,Сезонность!$A4 у.е.:$D1 у.е.5,4,FALSE),"") | E37: =Расчет!J28 | F37: =Расчет!K28 | G37: =Расчет!L28 | H37: =IF(G37="","",IF(G37="ниже тренда","период осторожного планирования продаж и бюджета",IF(G37="выше тренда","период активизации продвижения и продаж","обычный режим анализа спроса")))
A38: =Расчет!A29 | B38: =Расчет!G29 | C38: =Расчет!H29 | D38: =IFERROR(VLOOKUP(Расчет!B29,Сезонность!$A4 у.е.:$D1 у.е.5,4,FALSE),"") | E38: =Расчет!J29 | F38: =Расчет!K29 | G38: =Расчет!L29 | H38: =IF(G38="","",IF(G38="ниже тренда","период осторожного планирования продаж и бюджета",IF(G38="выше тренда","период активизации продвижения и продаж","обычный режим анализа спроса")))
A39: =Расчет!A30 | B39: =Расчет!G30 | C39: =Расчет!H30 | D39: =IFERROR(VLOOKUP(Расчет!B30,Сезонность!$A4 у.е.:$D1 у.е.5,4,FALSE),"") | E39: =Расчет!J30 | F39: =Расчет!K30 | G39: =Расчет!L30 | H39: =IF(G39="","",IF(G39="ниже тренда","период осторожного планирования продаж и бюджета",IF(G39="выше тренда","период активизации продвижения и продаж","обычный режим анализа спроса")))
A40: =Расчет!A31 | B40: =Расчет!G31 | C40: =Расчет!H31 | D40: =IFERROR(VLOOKUP(Расчет!B31,Сезонность!$A4 у.е.:$D1 у.е.5,4,FALSE),"") | E40: =Расчет!J31 | F40: =Расчет!K31 | G40: =Расчет!L31 | H40: =IF(G40="","",IF(G40="ниже тренда","период осторожного планирования продаж и бюджета",IF(G40="выше тренда","период активизации продвижения и продаж","обычный режим анализа спроса")))
A41: =Расчет!A32 | B41: =Расчет!G32 | C41: =Расчет!H32 | D41: =IFERROR(VLOOKUP(Расчет!B32,Сезонность!$A4 у.е.:$D1 у.е.5,4,FALSE),"") | E41: =Расчет!J32 | F41: =Расчет!K32 | G41: =Расчет!L32 | H41: =IF(G41="","",IF(G41="ниже тренда","период осторожного планирования продаж и бюджета",IF(G41="выше тренда","период активизации продвижения и продаж","обычный режим анализа спроса")))
A42: =Расчет!A33 | B42: =Расчет!G33 | C42: =Расчет!H33 | D42: =IFERROR(VLOOKUP(Расчет!B33,Сезонность!$A4 у.е.:$D1 у.е.5,4,FALSE),"") | E42: =Расчет!J33 | F42: =Расчет!K33 | G42: =Расчет!L33 | H42: =IF(G42="","",IF(G42="ниже тренда","период осторожного планирования продаж и бюджета",IF(G42="выше тренда","период активизации продвижения и продаж","обычный режим анализа спроса")))
A43: =Расчет!A34 | B43: =Расчет!G34 | C43: =Расчет!H34 | D43: =IFERROR(VLOOKUP(Расчет!B34,Сезонность!$A4 у.е.:$D1 у.е.5,4,FALSE),"") | E43: =Расчет!J34 | F43: =Расчет!K34 | G43: =Расчет!L34 | H43: =IF(G43="","",IF(G43="ниже тренда","период осторожного планирования продаж и бюджета",IF(G43="выше тренда","период активизации продвижения и продаж","обычный режим анализа спроса")))
A44: =Расчет!A35 | B44: =Расчет!G35 | C44: =Расчет!H35 | D44: =IFERROR(VLOOKUP(Расчет!B35,Сезонность!$A4 у.е.:$D1 у.е.5,4,FALSE),"") | E44: =Расчет!J35 | F44: =Расчет!K35 | G44: =Расчет!L35 | H44: =IF(G44="","",IF(G44="ниже тренда","период осторожного планирования продаж и бюджета",IF(G44="выше тренда","период активизации продвижения и продаж","обычный режим анализа спроса")))
A45: =Расчет!A36 | B45: =Расчет!G36 | C45: =Расчет!H36 | D45: =IFERROR(VLOOKUP(Расчет!B36,Сезонность!$A4 у.е.:$D1 у.е.5,4,FALSE),"") | E45: =Расчет!J36 | F45: =Расчет!K36 | G45: =Расчет!L36 | H45: =IF(G45="","",IF(G45="ниже тренда","период осторожного планирования продаж и бюджета",IF(G45="выше тренда","период активизации продвижения и продаж","обычный режим анализа спроса")))
A46: =Расчет!A37 | B46: =Расчет!G37 | C46: =Расчет!H37 | D46: =IFERROR(VLOOKUP(Расчет!B37,Сезонность!$A4 у.е.:$D1 у.е.5,4,FALSE),"") | E46: =Расчет!J37 | F46: =Расчет!K37 | G46: =Расчет!L37 | H46: =IF(G46="","",IF(G46="ниже тренда","период осторожного планирования продаж и бюджета",IF(G46="выше тренда","период активизации продвижения и продаж","обычный режим анализа спроса")))
A47: =Расчет!A38 | B47: =Расчет!G38 | C47: =Расчет!H38 | D47: =IFERROR(VLOOKUP(Расчет!B38,Сезонность!$A4 у.е.:$D1 у.е.5,4,FALSE),"") | E47: =Расчет!J38 | F47: =Расчет!K38 | G47: =Расчет!L38 | H47: =IF(G47="","",IF(G47="ниже тренда","период осторожного планирования продаж и бюджета",IF(G47="выше тренда","период активизации продвижения и продаж","обычный режим анализа спроса")))
A48: =Расчет!A39 | B48: =Расчет!G39 | C48: =Расчет!H39 | D48: =IFERROR(VLOOKUP(Расчет!B39,Сезонность!$A4 у.е.:$D1 у.е.5,4,FALSE),"") | E48: =Расчет!J39 | F48: =Расчет!K39 | G48: =Расчет!L39 | H48: =IF(G48="","",IF(G48="ниже тренда","период осторожного планирования продаж и бюджета",IF(G48="выше тренда","период активизации продвижения и продаж","обычный режим анализа спроса")))
A49: =Расчет!A40 | B49: =Расчет!G40 | C49: =Расчет!H40 | D49: =IFERROR(VLOOKUP(Расчет!B40,Сезонность!$A4 у.е.:$D1 у.е.5,4,FALSE),"") | E49: =Расчет!J40 | F49: =Расчет!K40 | G49: =Расчет!L40 | H49: =IF(G49="","",IF(G49="ниже тренда","период осторожного планирования продаж и бюджета",IF(G49="выше тренда","период активизации продвижения и продаж","обычный режим анализа спроса")))
A50: =Расчет!A41 | B50: =Расчет!G41 | C50: =Расчет!H41 | D50: =IFERROR(VLOOKUP(Расчет!B41,Сезонность!$A4 у.е.:$D1 у.е.5,4,FALSE),"") | E50: =Расчет!J41 | F50: =Расчет!K41 | G50: =Расчет!L41 | H50: =IF(G50="","",IF(G50="ниже тренда","период осторожного планирования продаж и бюджета",IF(G50="выше тренда","период активизации продвижения и продаж","обычный режим анализа спроса")))
A51: =Расчет!A42 | B51: =Расчет!G42 | C51: =Расчет!H42 | D51: =IFERROR(VLOOKUP(Расчет!B42,Сезонность!$A4 у.е.:$D1 у.е.5,4,FALSE),"") | E51: =Расчет!J42 | F51: =Расчет!K42 | G51: =Расчет!L42 | H51: =IF(G51="","",IF(G51="ниже тренда","период осторожного планирования продаж и бюджета",IF(G51="выше тренда","период активизации продвижения и продаж","обычный режим анализа спроса")))
A52: =Расчет!A43 | B52: =Расчет!G43 | C52: =Расчет!H43 | D52: =IFERROR(VLOOKUP(Расчет!B43,Сезонность!$A4 у.е.:$D1 у.е.5,4,FALSE),"") | E52: =Расчет!J43 | F52: =Расчет!K43 | G52: =Расчет!L43 | H52: =IF(G52="","",IF(G52="ниже тренда","период осторожного планирования продаж и бюджета",IF(G52="выше тренда","период активизации продвижения и продаж","обычный режим анализа спроса")))
A53: =Расчет!A44 | B53: =Расчет!G44 | C53: =Расчет!H44 | D53: =IFERROR(VLOOKUP(Расчет!B44,Сезонность!$A4 у.е.:$D1 у.е.5,4,FALSE),"") | E53: =Расчет!J44 | F53: =Расчет!K44 | G53: =Расчет!L44 | H53: =IF(G53="","",IF(G53="ниже тренда","период осторожного планирования продаж и бюджета",IF(G53="выше тренда","период активизации продвижения и продаж","обычный режим анализа спроса")))
A54: =Расчет!A45 | B54: =Расчет!G45 | C54: =Расчет!H45 | D54: =IFERROR(VLOOKUP(Расчет!B45,Сезонность!$A4 у.е.:$D1 у.е.5,4,FALSE),"") | E54: =Расчет!J45 | F54: =Расчет!K45 | G54: =Расчет!L45 | H54: =IF(G54="","",IF(G54="ниже тренда","период осторожного планирования продаж и бюджета",IF(G54="выше тренда","период активизации продвижения и продаж","обычный режим анализа спроса")))
A55: =Расчет!A46 | B55: =Расчет!G46 | C55: =Расчет!H46 | D55: =IFERROR(VLOOKUP(Расчет!B46,Сезонность!$A4 у.е.:$D1 у.е.5,4,FALSE),"") | E55: =Расчет!J46 | F55: =Расчет!K46 | G55: =Расчет!L46 | H55: =IF(G55="","",IF(G55="ниже тренда","период осторожного планирования продаж и бюджета",IF(G55="выше тренда","период активизации продвижения и продаж","обычный режим анализа спроса")))
A56: =Расчет!A47 | B56: =Расчет!G47 | C56: =Расчет!H47 | D56: =IFERROR(VLOOKUP(Расчет!B47,Сезонность!$A4 у.е.:$D1 у.е.5,4,FALSE),"") | E56: =Расчет!J47 | F56: =Расчет!K47 | G56: =Расчет!L47 | H56: =IF(G56="","",IF(G56="ниже тренда","период осторожного планирования продаж и бюджета",IF(G56="выше тренда","период активизации продвижения и продаж","обычный режим анализа спроса")))
A57: =Расчет!A48 | B57: =Расчет!G48 | C57: =Расчет!H48 | D57: =IFERROR(VLOOKUP(Расчет!B48,Сезонность!$A4 у.е.:$D1 у.е.5,4,FALSE),"") | E57: =Расчет!J48 | F57: =Расчет!K48 | G57: =Расчет!L48 | H57: =IF(G57="","",IF(G57="ниже тренда","период осторожного планирования продаж и бюджета",IF(G57="выше тренда","период активизации продвижения и продаж","обычный режим анализа спроса")))
A58: =Расчет!A49 | B58: =Расчет!G49 | C58: =Расчет!H49 | D58: =IFERROR(VLOOKUP(Расчет!B49,Сезонность!$A4 у.е.:$D1 у.е.5,4,FALSE),"") | E58: =Расчет!J49 | F58: =Расчет!K49 | G58: =Расчет!L49 | H58: =IF(G58="","",IF(G58="ниже тренда","период осторожного планирования продаж и бюджета",IF(G58="выше тренда","период активизации продвижения и продаж","обычный режим анализа спроса")))
A59: =Расчет!A50 | B59: =Расчет!G50 | C59: =Расчет!H50 | D59: =IFERROR(VLOOKUP(Расчет!B50,Сезонность!$A4 у.е.:$D1 у.е.5,4,FALSE),"") | E59: =Расчет!J50 | F59: =Расчет!K50 | G59: =Расчет!L50 | H59: =IF(G59="","",IF(G59="ниже тренда","период осторожного планирования продаж и бюджета",IF(G59="выше тренда","период активизации продвижения и продаж","обычный режим анализа спроса")))
A60: =Расчет!A51 | B60: =Расчет!G51 | C60: =Расчет!H51 | D60: =IFERROR(VLOOKUP(Расчет!B51,Сезонность!$A4 у.е.:$D1 у.е.5,4,FALSE),"") | E60: =Расчет!J51 | F60: =Расчет!K51 | G60: =Расчет!L51 | H60: =IF(G60="","",IF(G60="ниже тренда","период осторожного планирования продаж и бюджета",IF(G60="выше тренда","период активизации продвижения и продаж","обычный режим анализа спроса")))
A61: =Расчет!A52 | B61: =Расчет!G52 | C61: =Расчет!H52 | D61: =IFERROR(VLOOKUP(Расчет!B52,Сезонность!$A4 у.е.:$D1 у.е.5,4,FALSE),"") | E61: =Расчет!J52 | F61: =Расчет!K52 | G61: =Расчет!L52 | H61: =IF(G61="","",IF(G61="ниже тренда","период осторожного планирования продаж и бюджета",IF(G61="выше тренда","период активизации продвижения и продаж","обычный режим анализа спроса")))
A62: =Расчет!A53 | B62: =Расчет!G53 | C62: =Расчет!H53 | D62: =IFERROR(VLOOKUP(Расчет!B53,Сезонность!$A4 у.е.:$D1 у.е.5,4,FALSE),"") | E62: =Расчет!J53 | F62: =Расчет!K53 | G62: =Расчет!L53 | H62: =IF(G62="","",IF(G62="ниже тренда","период осторожного планирования продаж и бюджета",IF(G62="выше тренда","период активизации продвижения и продаж","обычный режим анализа спроса")))
A63: =Расчет!A54 | B63: =Расчет!G54 | C63: =Расчет!H54 | D63: =IFERROR(VLOOKUP(Расчет!B54,Сезонность!$A4 у.е.:$D1 у.е.5,4,FALSE),"") | E63: =Расчет!J54 | F63: =Расчет!K54 | G63: =Расчет!L54 | H63: =IF(G63="","",IF(G63="ниже тренда","период осторожного планирования продаж и бюджета",IF(G63="выше тренда","период активизации продвижения и продаж","обычный режим анализа спроса")))
A64: =Расчет!A55 | B64: =Расчет!G55 | C64: =Расчет!H55 | D64: =IFERROR(VLOOKUP(Расчет!B55,Сезонность!$A4 у.е.:$D1 у.е.5,4,FALSE),"") | E64: =Расчет!J55 | F64: =Расчет!K55 | G64: =Расчет!L55 | H64: =IF(G64="","",IF(G64="ниже тренда","период осторожного планирования продаж и бюджета",IF(G64="выше тренда","период активизации продвижения и продаж","обычный режим анализа спроса")))
A65: =Расчет!A56 | B65: =Расчет!G56 | C65: =Расчет!H56 | D65: =IFERROR(VLOOKUP(Расчет!B56,Сезонность!$A4 у.е.:$D1 у.е.5,4,FALSE),"") | E65: =Расчет!J56 | F65: =Расчет!K56 | G65: =Расчет!L56 | H65: =IF(G65="","",IF(G65="ниже тренда","период осторожного планирования продаж и бюджета",IF(G65="выше тренда","период активизации продвижения и продаж","обычный режим анализа спроса")))
A66: =Расчет!A57 | B66: =Расчет!G57 | C66: =Расчет!H57 | D66: =IFERROR(VLOOKUP(Расчет!B57,Сезонность!$A4 у.е.:$D1 у.е.5,4,FALSE),"") | E66: =Расчет!J57 | F66: =Расчет!K57 | G66: =Расчет!L57 | H66: =IF(G66="","",IF(G66="ниже тренда","период осторожного планирования продаж и бюджета",IF(G66="выше тренда","период активизации продвижения и продаж","обычный режим анализа спроса")))
A67: =Расчет!A58 | B67: =Расчет!G58 | C67: =Расчет!H58 | D67: =IFERROR(VLOOKUP(Расчет!B58,Сезонность!$A4 у.е.:$D1 у.е.5,4,FALSE),"") | E67: =Расчет!J58 | F67: =Расчет!K58 | G67: =Расчет!L58 | H67: =IF(G67="","",IF(G67="ниже тренда","период осторожного планирования продаж и бюджета",IF(G67="выше тренда","период активизации продвижения и продаж","обычный режим анализа спроса")))
A68: =Расчет!A59 | B68: =Расчет!G59 | C68: =Расчет!H59 | D68: =IFERROR(VLOOKUP(Расчет!B59,Сезонность!$A4 у.е.:$D1 у.е.5,4,FALSE),"") | E68: =Расчет!J59 | F68: =Расчет!K59 | G68: =Расчет!L59 | H68: =IF(G68="","",IF(G68="ниже тренда","период осторожного планирования продаж и бюджета",IF(G68="выше тренда","период активизации продвижения и продаж","обычный режим анализа спроса")))
A69: =Расчет!A60 | B69: =Расчет!G60 | C69: =Расчет!H60 | D69: =IFERROR(VLOOKUP(Расчет!B60,Сезонность!$A4 у.е.:$D1 у.е.5,4,FALSE),"") | E69: =Расчет!J60 | F69: =Расчет!K60 | G69: =Расчет!L60 | H69: =IF(G69="","",IF(G69="ниже тренда","период осторожного планирования продаж и бюджета",IF(G69="выше тренда","период активизации продвижения и продаж","обычный режим анализа спроса")))
A70: =Расчет!A61 | B70: =Расчет!G61 | C70: =Расчет!H61 | D70: =IFERROR(VLOOKUP(Расчет!B61,Сезонность!$A4 у.е.:$D1 у.е.5,4,FALSE),"") | E70: =Расчет!J61 | F70: =Расчет!K61 | G70: =Расчет!L61 | H70: =IF(G70="","",IF(G70="ниже тренда","период осторожного планирования продаж и бюджета",IF(G70="выше тренда","период активизации продвижения и продаж","обычный режим анализа спроса")))
A71: =Расчет!A62 | B71: =Расчет!G62 | C71: =Расчет!H62 | D71: =IFERROR(VLOOKUP(Расчет!B62,Сезонность!$A4 у.е.:$D1 у.е.5,4,FALSE),"") | E71: =Расчет!J62 | F71: =Расчет!K62 | G71: =Расчет!L62 | H71: =IF(G71="","",IF(G71="ниже тренда","период осторожного планирования продаж и бюджета",IF(G71="выше тренда","период активизации продвижения и продаж","обычный режим анализа спроса")))
A72: =Расчет!A63 | B72: =Расчет!G63 | C72: =Расчет!H63 | D72: =IFERROR(VLOOKUP(Расчет!B63,Сезонность!$A4 у.е.:$D1 у.е.5,4,FALSE),"") | E72: =Расчет!J63 | F72: =Расчет!K63 | G72: =Расчет!L63 | H72: =IF(G72="","",IF(G72="ниже тренда","период осторожного планирования продаж и бюджета",IF(G72="выше тренда","период активизации продвижения и продаж","обычный режим анализа спроса")))
A73: =Расчет!A64 | B73: =Расчет!G64 | C73: =Расчет!H64 | D73: =IFERROR(VLOOKUP(Расчет!B64,Сезонность!$A4 у.е.:$D1 у.е.5,4,FALSE),"") | E73: =Расчет!J64 | F73: =Расчет!K64 | G73: =Расчет!L64 | H73: =IF(G73="","",IF(G73="ниже тренда","период осторожного планирования продаж и бюджета",IF(G73="выше тренда","период активизации продвижения и продаж","обычный режим анализа спроса")))

Sheet Журнал_выгрузки
A1: Журнал выгрузки исходных данных
A3: Дата выгрузки | B3: Источник | C3: Запрос / кластер | D3: Регион | E3: Период | F3: Формат файла | G3: Имя файла | H3: Примечание
A4: 2026-09-30 | B4: Яндекс Вордстат | C4: plantuml | D4: Беларусь (id=149) | E4: 2024-09—2026-08 (24 мес., по месяцам) | F4: JSON | G4: wordstat_plantuml_dinamika_RB_2024-09_2026-08.json | H4: Динамика по месяцам, API getGraph; расширенный ряд 2018-01—2026-08 — файл wordstat_plantuml_dinamika_RB_2018-01_2026-08.json
A5: 2026-09-30 | B5: Яндекс Вордстат | C5: plantuml | D5: Беларусь (id=149) | E5: Топы запросов, 29.08-29.09.2026 | F5: JSON | G5: wordstat_topy_kommercheskie_problemnye_segmentnye_geo_RB_okno_2026-08-29_09-29.json | H5: Частотность за 30 дней: 200; подзапросы — в сводке данных Вордстата
A6: 30.09.2026 | B6: Яндекс Вордстат | C6: plantuml | D6: Беларусь (id=149) | E6: 2024-09—2026-08 (24 мес., по месяцам) | F6: JSON | G6: wordstat_plantuml_dinamika_RB_2024-09_2026-08.json | H6: Динамика по месяцам, API getGraph; расширенный ряд 2018-01—2026-08 — файл wordstat_plantuml_dinamika_RB_2018-01_2026-08.json
A7: 30.09.2026 | B7: Яндекс Вордстат | C7: idef0 | D7: Беларусь (id=149) | E7: 2024-09—2026-08 (24 мес., по месяцам) | F7: JSON | G7: wordstat_idef0_dinamika_RB_2024-09_2026-08.json | H7: Динамика по месяцам, API getGraph; расширенный ряд 2018-01—2026-08 — файл wordstat_idef0_dinamika_RB_2018-01_2026-08.json
A8: 30.09.2026 | B8: Яндекс Вордстат | C8: dfd диаграмма | D8: Беларусь (id=149) | E8: 2024-09—2026-08 (24 мес., по месяцам) | F8: JSON | G8: wordstat_dfd-diagramma_dinamika_RB_2024-09_2026-08.json | H8: Динамика по месяцам, API getGraph; расширенный ряд 2018-01—2026-08 — файл wordstat_dfd-diagramma_dinamika_RB_2018-01_2026-08.json
A9: 30.09.2026 | B9: Яндекс Вордстат | C9: erd диаграмма | D9: Беларусь (id=149) | E9: 2024-09—2026-08 (24 мес., по месяцам) | F9: JSON | G9: wordstat_erd-diagramma_dinamika_RB_2024-09_2026-08.json | H9: Динамика по месяцам, API getGraph; расширенный ряд 2018-01—2026-08 — файл wordstat_erd-diagramma_dinamika_RB_2018-01_2026-08.json
A10: 30.09.2026 | B10: Яндекс Вордстат | C10: erd (без уточнения, омоним) | D10: Беларусь (id=149) | E10: 2024-09—2026-08 (24 мес., по месяцам) | F10: JSON | G10: wordstat_erd-bez-utochneniya_dinamika_RB_2024-09_2026-08.json | H10: Динамика по месяцам, API getGraph; расширенный ряд 2018-01—2026-08 — файл wordstat_erd-bez-utochneniya_dinamika_RB_2018-01_2026-08.json
A11: 30.09.2026 | B11: Яндекс Вордстат | C11: сеть петри | D11: Беларусь (id=149) | E11: 2024-09—2026-08 (24 мес., по месяцам) | F11: JSON | G11: wordstat_set-petri_dinamika_RB_2024-09_2026-08.json | H11: Динамика по месяцам, API getGraph; расширенный ряд 2018-01—2026-08 — файл wordstat_set-petri_dinamika_RB_2018-01_2026-08.json
A12: 30.09.2026 | B12: Яндекс Вордстат | C12: нейросеть схема | D12: Беларусь (id=149) | E12: 2024-09—2026-08 (24 мес., по месяцам) | F12: JSON | G12: wordstat_neyroset-shema_dinamika_RB_2024-09_2026-08.json | H12: Динамика по месяцам, API getGraph; расширенный ряд 2018-01—2026-08 — файл wordstat_neyroset-shema_dinamika_RB_2018-01_2026-08.json
A13: 30.09.2026 | B13: Яндекс Вордстат | C13: нейросеть диаграмма | D13: Беларусь (id=149) | E13: 2024-09—2026-08 (24 мес., по месяцам) | F13: JSON | G13: wordstat_neyroset-diagramma_dinamika_RB_2024-09_2026-08.json | H13: Динамика по месяцам, API getGraph; расширенный ряд 2018-01—2026-08 — файл wordstat_neyroset-diagramma_dinamika_RB_2018-01_2026-08.json
A14: 30.09.2026 | B14: Яндекс Вордстат | C14: uml; bpmn (по устройствам) | D14: Беларусь (id=149) | E14: 2024-09—2026-08 (24 мес., по месяцам) | F14: JSON | G14: wordstat_uml_bpmn_dinamika_po_ustroystvam_RB_2024-09_2026-08.json | H14: Десктопы, смартфоны и планшеты отдельно; сумма по устройствам равна общему ряду в каждом месяце. Расширенные ряды uml и bpmn — файлы ..._2018-01_2026-08.json
... A16: 30.09.2026 | B16: Яндекс Вордстат | C16: коммерческие, проблемные, сегментные, географические, обучающие формулировки | D16: Беларусь (id=149) | E16: Топы, 29.08-29.09.2026 | F16: JSON | G16: wordstat_topy_kommercheskie_problemnye_segmentnye_geo_RB_okno_2026-08-29_09-29.json | H16: Из 5 коммерческих формулировок ядра запросов нет ни по одной; «uml купить» — 5; «bpmn курсы» — 17; «uml курс», «bpmn обучение» — 0
A18: Примечание | B18: Вариант только Яндекс Вордстат: запрос «plantuml», Беларусь, 24 мес. (09.2024—08.2026); колонка Google Trends не заполнялась, так как по запросу в Беларуси нет недельных значений Google Trends в сопоставимом объёме

Sheet Методика_и_источники
A1: Методика использования файла и источники
A3: Раздел | B3: Содержание | C3: Практическое действие | D3: Результат | E3: Ограничение | F3: Источник
A4: 1. Сбор данных | B4: Выгрузить данные из Google Trends и Яндекс Вордстат за одинаковый период и одну территорию | C4: Зафиксировать регион, период, запросы, категорию и тип поиска | D4: Сопоставимый временной ряд | E4: Разные источники отражают разные аудитории | F4: https://support.google.com/trends/answer/4365538?hl=en
A5: 2. Нормирование | B5: Google Trends уже представлен как индекс 0–100; Вордстат нормируется относительно максимума в выбранном ряду | C5: Ввести фактические значения на лист «Ввод_данных» | D5: Сводный индекс интереса | E5: Нормирование не превращает поисковый интерес в размер рынка | F5: https://support.google.com/trends/answer/4365533?hl=en
A6: 3. Тренд | B6: Тренд оценивается через средние значения и скользящее среднее за 12 месяцев | C6: Смотреть лист «Оценка_тренда» | D6: Рост, стабильность или снижение интереса | E6: Короткие ряды менее надежны
A7: 4. Сезонность | B7: Сезонный индекс показывает, в какие месяцы интерес выше или ниже среднего трендового уровня | C7: Смотреть лист «Сезонность» | D7: Месяцы максимального и минимального спроса | E7: Сезонность корректнее оценивать по данным за 2–3 года и более
A8: 5. Циклы спроса | B8: Циклический коэффициент показывает отклонение от тренда с учетом сезонности | C8: Смотреть лист «Деловые_циклы» | D8: Периоды выше или ниже нормального уровня спроса | E8: Это поисковый цикл спроса, а не прямое измерение макроэкономического делового цикла
A9: 6. Яндекс Вордстат | B9: Вордстат показывает статистику поисковых запросов к Яндексу, динамику популярности и региональные различия | C9: Использовать одинаковые запросы и географические настройки | D9: Оценка интереса аудитории Яндекса | E9: Не отражает весь интернет-рынок | F9: https://wordstat.yandex.ru/

Sheet Настройки
A1: Настройки модели оценки тренда, сезонности и циклов
A3: Параметр | B3: Значение | C3: Назначение | D3: Рекомендация
A4: Вес Google Trends | B4: 0.5 | C4: Доля индекса Google Trends в сводном индексе | D4: 0,40–0,60
A5: Вес Яндекс Вордстат | B5: 0.5 | C5: Доля нормированного показателя Вордстат в сводном индексе | D5: 0,40–0,60
A6: Окно скользящего среднего, мес | B6: 12 | C6: Период сглаживания для оценки тренда | D6: 12 месяцев
A7: Порог сильной сезонности | B7: 0.3 | C7: Амплитуда сезонных индексов, при которой сезонность считается выраженной | D7: 0,25–0,35
A8: Порог слабой сезонности | B8: 0.15 | C8: Амплитуда сезонных индексов для умеренной сезонности | D8: 0,10–0,20
A9: Порог снижения тренда | B9: -0.15 | C9: Граница для классификации снижающегося тренда | D9: -15%
A10: Порог роста тренда | B10: 0.15 | C10: Граница для классификации растущего тренда | D10: +15%
A11: Нижний порог цикла | B11: 0.9 | C11: Ниже этого значения спрос считается ниже трендового уровня | D11: 0,90
A12: Верхний порог цикла | B12: 1.1 | C12: Выше этого значения спрос считается выше трендового уровня | D12: 1,10
