Workbook

Sheet 00_Инструкция
A1: ЛР5 — Классификация конкурентов + модели Левитта и Кано
A3: Объект анализа: DiagramCode. Данные собраны с сайтов конкурентов и SimilarWeb (ЛР2-3), снято 2026-09-17.
A5: Листы:
A6: 01_Классификация — взвешенная формула методики (8 критериев, шкала 0-4, пороги 80-100/65-79/50-64/35-49/20-34/0-19)
A7: 02_Левитт — 5 уровней товара для ключевых конкурентов и DiagramCode
A8: 03_Кано — классификация функций по 6 категориям
A9: 04_Дашборд — сводные итоги

Sheet 01_Классификация
A1: Конкурент | B1: Задача | C1: Сегмент | D1: Продукт | E1: Заменяемость | F1: Каналы | G1: Цена | H1: Результат | I1: Видимость | J1: Индекс | K1: Уровень
A2: Вес | B2: 0.22 | C2: 0.18 | D2: 0.18 | E2: 0.18 | F2: 0.1 | G2: 0.08 | H2: 0.04 | I2: 0.02
A3: PlantUML | B3: 4 | C3: 4 | D3: 2 | E3: 4 | F3: 4 | G3: 4 | H3: 3 | I3: 4 | J3: =SUMPRODUCT(B3:I3,$B2:$I2)/4*100 | K3: =IF(J3>=80,"Прямой",IF(J3>=65,"Близкий",IF(J3>=50,"Косвенный",IF(J3>=35,"Заменитель",IF(J3>=20,"Потенциальный","Исключить")))))
A4: Mermaid (open-source ядро) | B4: 4 | C4: 4 | D4: 2 | E4: 4 | F4: 4 | G4: 4 | H4: 3 | I4: 4 | J4: =SUMPRODUCT(B4:I4,$B2:$I2)/4*100 | K4: =IF(J4>=80,"Прямой",IF(J4>=65,"Близкий",IF(J4>=50,"Косвенный",IF(J4>=35,"Заменитель",IF(J4>=20,"Потенциальный","Исключить")))))
A5: MermaidChart (коммерческий) | B5: 4 | C5: 4 | D5: 3 | E5: 3 | F5: 3 | G5: 2 | H5: 4 | I5: 2 | J5: =SUMPRODUCT(B5:I5,$B2:$I2)/4*100 | K5: =IF(J5>=80,"Прямой",IF(J5>=65,"Близкий",IF(J5>=50,"Косвенный",IF(J5>=35,"Заменитель",IF(J5>=20,"Потенциальный","Исключить")))))
A6: Eraser.io | B6: 4 | C6: 4 | D6: 4 | E6: 4 | F6: 3 | G6: 2 | H6: 4 | I6: 3 | J6: =SUMPRODUCT(B6:I6,$B2:$I2)/4*100 | K6: =IF(J6>=80,"Прямой",IF(J6>=65,"Близкий",IF(J6>=50,"Косвенный",IF(J6>=35,"Заменитель",IF(J6>=20,"Потенциальный","Исключить")))))
A7: D2 (d2lang.com) | B7: 4 | C7: 4 | D7: 2 | E7: 3 | F7: 2 | G7: 4 | H7: 3 | I7: 2 | J7: =SUMPRODUCT(B7:I7,$B2:$I2)/4*100 | K7: =IF(J7>=80,"Прямой",IF(J7>=65,"Близкий",IF(J7>=50,"Косвенный",IF(J7>=35,"Заменитель",IF(J7>=20,"Потенциальный","Исключить")))))
A8: draw.io (app.diagrams.net) | B8: 2 | C8: 3 | D8: 1 | E8: 4 | F8: 3 | G8: 4 | H8: 3 | I8: 4 | J8: =SUMPRODUCT(B8:I8,$B2:$I2)/4*100 | K8: =IF(J8>=80,"Прямой",IF(J8>=65,"Близкий",IF(J8>=50,"Косвенный",IF(J8>=35,"Заменитель",IF(J8>=20,"Потенциальный","Исключить")))))
A9: Lucidchart | B9: 2 | C9: 3 | D9: 1 | E9: 4 | F9: 3 | G9: 2 | H9: 3 | I9: 4 | J9: =SUMPRODUCT(B9:I9,$B2:$I2)/4*100 | K9: =IF(J9>=80,"Прямой",IF(J9>=65,"Близкий",IF(J9>=50,"Косвенный",IF(J9>=35,"Заменитель",IF(J9>=20,"Потенциальный","Исключить")))))
A10: Microsoft Visio | B10: 2 | C10: 2 | D10: 1 | E10: 3 | F10: 2 | G10: 1 | H10: 3 | I10: 3 | J10: =SUMPRODUCT(B10:I10,$B2:$I2)/4*100 | K10: =IF(J10>=80,"Прямой",IF(J10>=65,"Близкий",IF(J10>=50,"Косвенный",IF(J10>=35,"Заменитель",IF(J10>=20,"Потенциальный","Исключить")))))
A11: AI-ассистенты общего назначения (ручное использование) | B11: 1 | C11: 2 | D11: 0 | E11: 1 | F11: 1 | G11: 2 | H11: 0 | I11: 2 | J11: =SUMPRODUCT(B11:I11,$B2:$I2)/4*100 | K11: =IF(J11>=80,"Прямой",IF(J11>=65,"Близкий",IF(J11>=50,"Косвенный",IF(J11>=35,"Заменитель",IF(J11>=20,"Потенциальный","Исключить")))))
A13: Формула: Индекс = СУММПРОИЗВ(оценки по 8 критериям; веса) / 4 × 100. Пороги: 80-100 Прямой / 65-79 Близкий / 50-64 Косвенный / 35-49 Заменитель / 20-34 Потенциальный / 0-19 Исключить.
A14: Компании для наблюдения за практиками (не оцениваются формулой): Structurizr (C4-model, эталон по практике decomposition-диаграмм).
A15: Исключённые из формальной оценки: ручное рисование/Figma/отказ от диаграмм, MS Word/PowerPoint — поведенческие альтернативы, не компании-продукты.

Sheet 02_Левитт
A1: Уровень | B1: PlantUML | C1: Eraser.io | D1: DiagramCode (наш продукт)
A2: Базовая выгода | B2: Получить диаграмму из текста | C2: Получить диаграмму по описанию (AI) | D2: Получить и версионировать инженерную диаграмму без потери истории
A3: Родовой товар | B3: DSL-рендерер (текст → SVG/PNG) | C3: DSL + AI-генератор с канвасом | D3: DSL + рендер + git-подобное версионирование
A4: Ожидаемый товар | B4: Браузер+локально, встроен в IDE, бесплатно | C4: Интеграции (GitHub/Notion/Confluence/VS Code), история версий | D4: AI-генерация, IDE-оболочка, аутентификация
A5: Расширенный товар | B5: Browser extension для GitHub, community | C5: SSO, кастомные иконки, API, командные тарифы | D5: Полный охват нотаций (UML+ERD+IDEF+BPMN+Petri) — нет ни у кого из конкурентов
A6: Потенциальный товар | B6: Не заявлен — open-source roadmap | C6: Enterprise deployment, usage reporting | D6: Маркетплейс шаблонов, экспорт в форматы конкурентов, AI на истории пользователя

Sheet 03_Кано
A1: Функция | B1: Категория Кано | C1: Обоснование
A2: Текстовый DSL-редактор с подсветкой | B2: Обязательная (must-be) | C2: Отсутствие — блокер для dev-инструмента
A3: Рендер без установки в браузере | B3: Обязательная (must-be) | C3: Рыночный стандарт (PlantUML/Mermaid)
A4: Интеграция с GitHub | B4: Обязательная (must-be) | C4: Стандарт у всех прямых конкурентов
A5: История версий / откат | B5: Линейная (performance) | C5: Чем глубже история — тем выше ценность (Eraser.io: 90 дней → безлимит по тарифу)
A6: Совместное редактирование | B6: Линейная (performance) | C6: Качество реализации напрямую влияет на удовлетворённость
A7: AI-генерация по тексту | B7: Привлекательная → смещается к линейной | C7: Спрос растёт структурно (ЛР1) — то, что восхищало, станет ожидаемым
A8: Полный охват нотаций (UML+ERD+IDEF+BPMN+Petri) | B8: Привлекательная (excitement) | C8: Ни у одного конкурента нет — источник дифференциации DiagramCode
A9: Экспорт в форматы конкурентов | B9: Привлекательная для мигрирующих / безразличная для новых | C9: Сегмент-зависимая ценность
A10: Кастомные иконки/темы | B10: Безразличная | C10: Косметика, низкая дифференцирующая ценность
A11: SSO / enterprise-функции | B11: Безразличная для малых команд / обязательная для enterprise | C11: Сегмент-зависимая — исключено из первого релиза (ЛР6)

Sheet 04_Дашборд
A1: Сводный дашборд ЛР5
A3: Прямых конкурентов: | B3: =COUNTIF('01_Классификация'!K3:K11,"Прямой")
A4: Близких конкурентов: | B4: =COUNTIF('01_Классификация'!K3:K11,"Близкий")
A5: Косвенных конкурентов: | B5: =COUNTIF('01_Классификация'!K3:K11,"Косвенный")
A6: Заменителей: | B6: =COUNTIF('01_Классификация'!K3:K11,"Заменитель")
A7: Потенциальных конкурентов: | B7: =COUNTIF('01_Классификация'!K3:K11,"Потенциальный")
A9: Главный вывод (ЛР5, ЛР7):
A10: Ни один прямой конкурент не закрывает полный набор инженерных нотаций (UML+ERD+IDEF+BPMN+сети Петри) в одном продукте — конкурентный пробел для DiagramCode.
